ms_drg,pa_drg,nprm_drg,mdc,type,msdrg_title,weights,los_geo,los_mean
1,No,No,PRE,SURG,HEART TRANSPLANT OR IMPLANT OF HEART ASSIST SYSTEM WITH MCC,27.0986,27.0986,30.3
2,No,No,PRE,SURG,HEART TRANSPLANT OR IMPLANT OF HEART ASSIST SYSTEM WITHOUT MCC,12.2441,12.2441,9.6
3,Yes,No,PRE,SURG,"ECMO OR TRACHEOSTOMY WITH MV >96 HOURS OR PRINCIPAL DIAGNOSIS EXCEPT FACE, MOUTH AND NECK WITH MAJOR O.R. PROCEDURES",21.3203,21.3203,26.7
4,Yes,No,PRE,SURG,"TRACHEOSTOMY WITH MV >96 HOURS OR PRINCIPAL DIAGNOSIS EXCEPT FACE, MOUTH AND NECK WITHOUT MAJOR O.R. PROCEDURES",14.7000,14.7000,26.1
5,No,No,PRE,SURG,LIVER TRANSPLANT WITH MCC OR INTESTINAL TRANSPLANT,10.3500,10.3500,14.8
6,No,No,PRE,SURG,LIVER TRANSPLANT WITHOUT MCC,4.8369,4.8369,7.8
7,No,No,PRE,SURG,LUNG TRANSPLANT,12.2664,12.2664,18.5
8,No,No,PRE,SURG,SIMULTANEOUS PANCREAS AND KIDNEY TRANSPLANT,5.2617,5.2617,8.7
10,No,No,PRE,SURG,PANCREAS TRANSPLANT,4.8136,4.8136,9.5
11,No,No,PRE,SURG,"TRACHEOSTOMY FOR FACE, MOUTH AND NECK DIAGNOSES OR LARYNGECTOMY WITH MCC",5.1563,5.1563,11.5
12,No,No,PRE,SURG,"TRACHEOSTOMY FOR FACE, MOUTH AND NECK DIAGNOSES OR LARYNGECTOMY WITH CC",4.0049,4.0049,8.5
13,No,No,PRE,SURG,"TRACHEOSTOMY FOR FACE, MOUTH AND NECK DIAGNOSES OR LARYNGECTOMY WITHOUT CC/MCC",2.6857,2.6857,6.3
14,No,No,PRE,MED,ALLOGENEIC BONE MARROW TRANSPLANT,11.4609,11.4609,25.6
16,No,No,PRE,MED,AUTOLOGOUS BONE MARROW TRANSPLANT WITH CC/MCC,6.1770,6.1770,16.6
17,No,No,PRE,MED,AUTOLOGOUS BONE MARROW TRANSPLANT WITHOUT CC/MCC,6.1770,6.1770,16.6
18,No,No,PRE,MED,CHIMERIC ANTIGEN RECEPTOR (CAR) T-CELL AND OTHER IMMUNOTHERAPIES,36.8427,36.8427,12.9
19,No,No,PRE,SURG,SIMULTANEOUS PANCREAS AND KIDNEY TRANSPLANT WITH HEMODIALYSIS,7.9935,7.9935,11.6
20,No,No,01,SURG,INTRACRANIAL VASCULAR PROCEDURES WITH PRINCIPAL DIAGNOSIS HEMORRHAGE WITH MCC,8.4524,8.4524,10.2
21,No,No,01,SURG,INTRACRANIAL VASCULAR PROCEDURES WITH PRINCIPAL DIAGNOSIS HEMORRHAGE WITH CC,6.1414,6.1414,6.3
22,No,No,01,SURG,INTRACRANIAL VASCULAR PROCEDURES WITH PRINCIPAL DIAGNOSIS HEMORRHAGE WITHOUT CC/MCC,3.4767,3.9227,2.5
23,Yes,Yes,01,SURG,CRANIOTOMY WITH MAJOR DEVICE IMPLANT OR ACUTE COMPLEX CNS PRINCIPAL DIAGNOSIS WITH MCC OR CHEMOTHERAPY IMPLANT OR EPILEPSY WITH NEUROSTIMULATOR,5.6688,5.6688,7.5
24,Yes,Yes,01,SURG,CRANIOTOMY WITH MAJOR DEVICE IMPLANT OR ACUTE COMPLEX CNS PRINCIPAL DIAGNOSIS WITHOUT MCC,3.7888,3.7888,4.0
25,Yes,No,01,SURG,CRANIOTOMY AND ENDOVASCULAR INTRACRANIAL PROCEDURES WITH MCC,4.4160,4.4160,6.6
26,Yes,No,01,SURG,CRANIOTOMY AND ENDOVASCULAR INTRACRANIAL PROCEDURES WITH CC,2.9531,2.9531,3.1
27,Yes,No,01,SURG,CRANIOTOMY AND ENDOVASCULAR INTRACRANIAL PROCEDURES WITHOUT CC/MCC,2.4329,2.4329,1.6
28,Yes,Yes,01,SURG,SPINAL PROCEDURES WITH MCC,6.0261,6.0261,10.2
29,Yes,Yes,01,SURG,SPINAL PROCEDURES WITH CC OR SPINAL NEUROSTIMULATORS,3.4282,3.4282,4.9
30,Yes,Yes,01,SURG,SPINAL PROCEDURES WITHOUT CC/MCC,2.3190,2.3190,2.7
31,Yes,No,01,SURG,VENTRICULAR SHUNT PROCEDURES WITH MCC,4.1166,4.1166,7.0
32,Yes,No,01,SURG,VENTRICULAR SHUNT PROCEDURES WITH CC,2.1538,2.1538,2.7
33,Yes,No,01,SURG,VENTRICULAR SHUNT PROCEDURES WITHOUT CC/MCC,1.6229,1.6229,1.6
34,No,No,01,SURG,CAROTID ARTERY STENT PROCEDURES WITH MCC,3.9014,3.9014,4.9
35,No,No,01,SURG,CAROTID ARTERY STENT PROCEDURES WITH CC,2.2995,2.2995,2.0
36,No,No,01,SURG,CAROTID ARTERY STENT PROCEDURES WITHOUT CC/MCC,1.8082,1.8082,1.2
37,No,No,01,SURG,EXTRACRANIAL PROCEDURES WITH MCC,3.3756,3.3756,5.1
38,No,No,01,SURG,EXTRACRANIAL PROCEDURES WITH CC,1.5999,1.5999,1.9
39,No,No,01,SURG,EXTRACRANIAL PROCEDURES WITHOUT CC/MCC,1.1410,1.1410,1.2
40,Yes,Yes,01,SURG,"PERIPHERAL, CRANIAL NERVE AND OTHER NERVOUS SYSTEM PROCEDURES WITH MCC",3.8505,3.8505,7.4
41,Yes,Yes,01,SURG,"PERIPHERAL, CRANIAL NERVE AND OTHER NERVOUS SYSTEM PROCEDURES WITH CC OR PERIPHERAL NEUROSTIMULATOR",2.2307,2.2307,3.9
42,Yes,Yes,01,SURG,"PERIPHERAL, CRANIAL NERVE AND OTHER NERVOUS SYSTEM PROCEDURES WITHOUT CC/MCC",1.7398,1.7398,2.4
52,No,No,01,MED,SPINAL DISORDERS AND INJURIES WITH CC/MCC,1.9445,1.9445,4.6
53,No,No,01,MED,SPINAL DISORDERS AND INJURIES WITHOUT CC/MCC,0.9838,0.9838,2.8
54,Yes,No,01,MED,NERVOUS SYSTEM NEOPLASMS WITH MCC,1.4735,1.4735,4.0
55,Yes,No,01,MED,NERVOUS SYSTEM NEOPLASMS WITHOUT MCC,1.0732,1.0732,3.0
56,Yes,No,01,MED,DEGENERATIVE NERVOUS SYSTEM DISORDERS WITH MCC,2.3940,2.3940,6.1
57,Yes,No,01,MED,DEGENERATIVE NERVOUS SYSTEM DISORDERS WITHOUT MCC,1.3632,1.3632,4.0
58,No,No,01,MED,MULTIPLE SCLEROSIS AND CEREBELLAR ATAXIA WITH MCC,1.7279,1.7279,4.7
59,No,No,01,MED,MULTIPLE SCLEROSIS AND CEREBELLAR ATAXIA WITH CC,1.1872,1.1872,3.7
60,No,No,01,MED,MULTIPLE SCLEROSIS AND CEREBELLAR ATAXIA WITHOUT CC/MCC,0.8974,0.8974,2.9
61,No,No,01,MED,"ISCHEMIC STROKE, PRECEREBRAL OCCLUSION OR TRANSIENT ISCHEMIA WITH THROMBOLYTIC AGENT WITH MCC",2.8028,2.8028,5.0
62,No,No,01,MED,"ISCHEMIC STROKE, PRECEREBRAL OCCLUSION OR TRANSIENT ISCHEMIA WITH THROMBOLYTIC AGENT WITH CC",1.8717,1.8717,3.2
63,No,No,01,MED,"ISCHEMIC STROKE, PRECEREBRAL OCCLUSION OR TRANSIENT ISCHEMIA WITH THROMBOLYTIC AGENT WITHOUT CC/MCC",1.4868,1.4868,2.2
64,Yes,No,01,MED,INTRACRANIAL HEMORRHAGE OR CEREBRAL INFARCTION WITH MCC,2.0030,2.0030,4.6
65,Yes,No,01,MED,INTRACRANIAL HEMORRHAGE OR CEREBRAL INFARCTION WITH CC OR TPA IN 24 HOURS,1.0164,1.0164,2.9
66,Yes,No,01,MED,INTRACRANIAL HEMORRHAGE OR CEREBRAL INFARCTION WITHOUT CC/MCC,0.6875,0.6875,1.9
67,No,No,01,MED,NONSPECIFIC CVA AND PRECEREBRAL OCCLUSION WITHOUT INFARCTION WITH MCC,1.4169,1.4169,3.3
68,No,No,01,MED,NONSPECIFIC CVA AND PRECEREBRAL OCCLUSION WITHOUT INFARCTION WITHOUT MCC,0.8710,0.8710,2.1
69,No,No,01,MED,TRANSIENT ISCHEMIA WITHOUT THROMBOLYTIC,0.7987,0.7987,2.1
70,Yes,No,01,MED,NONSPECIFIC CEREBROVASCULAR DISORDERS WITH MCC,1.7895,1.7895,4.9
71,Yes,No,01,MED,NONSPECIFIC CEREBROVASCULAR DISORDERS WITH CC,1.0618,1.0618,3.4
72,Yes,No,01,MED,NONSPECIFIC CEREBROVASCULAR DISORDERS WITHOUT CC/MCC,0.7830,0.7830,2.4
73,No,No,01,MED,CRANIAL AND PERIPHERAL NERVE DISORDERS WITH MCC,1.5130,1.5130,3.9
74,No,No,01,MED,CRANIAL AND PERIPHERAL NERVE DISORDERS WITHOUT MCC,1.0262,1.0262,2.9
75,No,No,01,MED,VIRAL MENINGITIS WITH CC/MCC,1.9138,1.9138,6.0
76,No,No,01,MED,VIRAL MENINGITIS WITHOUT CC/MCC,0.9225,0.9225,3.2
77,No,No,01,MED,HYPERTENSIVE ENCEPHALOPATHY WITH MCC,1.5109,1.5109,4.1
78,No,No,01,MED,HYPERTENSIVE ENCEPHALOPATHY WITH CC,1.0169,1.0169,2.9
79,No,No,01,MED,HYPERTENSIVE ENCEPHALOPATHY WITHOUT CC/MCC,0.7408,0.7408,2.2
80,No,No,01,MED,NONTRAUMATIC STUPOR AND COMA WITH MCC,2.2087,2.2087,5.4
81,No,No,01,MED,NONTRAUMATIC STUPOR AND COMA WITHOUT MCC,0.9095,0.9095,2.7
82,No,No,01,MED,TRAUMATIC STUPOR AND COMA >1 HOUR WITH MCC,2.2783,2.2783,4.5
83,No,No,01,MED,TRAUMATIC STUPOR AND COMA >1 HOUR WITH CC,1.3564,1.3564,3.3
84,No,No,01,MED,TRAUMATIC STUPOR AND COMA >1 HOUR WITHOUT CC/MCC,0.9197,0.9197,2.1
85,Yes,No,01,MED,TRAUMATIC STUPOR AND COMA <1 HOUR WITH MCC,2.2728,2.2728,4.7
86,Yes,No,01,MED,TRAUMATIC STUPOR AND COMA <1 HOUR WITH CC,1.3171,1.3171,3.0
87,Yes,No,01,MED,TRAUMATIC STUPOR AND COMA <1 HOUR WITHOUT CC/MCC,0.8862,0.8862,2.0
88,No,No,01,MED,CONCUSSION WITH MCC,1.5338,1.5338,3.9
89,No,No,01,MED,CONCUSSION WITH CC,1.1499,1.1499,2.5
90,No,No,01,MED,CONCUSSION WITHOUT CC/MCC,0.9348,0.9348,1.9
91,Yes,No,01,MED,OTHER DISORDERS OF NERVOUS SYSTEM WITH MCC,1.7892,1.7892,4.5
92,Yes,No,01,MED,OTHER DISORDERS OF NERVOUS SYSTEM WITH CC,1.0261,1.0261,3.1
93,Yes,No,01,MED,OTHER DISORDERS OF NERVOUS SYSTEM WITHOUT CC/MCC,0.7744,0.7744,2.2
94,No,No,01,MED,BACTERIAL AND TUBERCULOUS INFECTIONS OF NERVOUS SYSTEM WITH MCC,3.6227,3.6227,8.6
95,No,No,01,MED,BACTERIAL AND TUBERCULOUS INFECTIONS OF NERVOUS SYSTEM WITH CC,2.3842,2.3842,5.9
96,No,No,01,MED,BACTERIAL AND TUBERCULOUS INFECTIONS OF NERVOUS SYSTEM WITHOUT CC/MCC,2.1797,2.1797,4.5
97,No,No,01,MED,NON-BACTERIAL INFECTION OF NERVOUS SYSTEM EXCEPT VIRAL MENINGITIS WITH MCC,3.6369,3.6369,9.1
98,No,No,01,MED,NON-BACTERIAL INFECTION OF NERVOUS SYSTEM EXCEPT VIRAL MENINGITIS WITH CC,2.1545,2.1545,6.1
99,No,No,01,MED,NON-BACTERIAL INFECTION OF NERVOUS SYSTEM EXCEPT VIRAL MENINGITIS WITHOUT CC/MCC,1.3202,1.3202,3.9
100,Yes,No,01,MED,SEIZURES WITH MCC,1.9825,1.9825,4.5
101,Yes,No,01,MED,SEIZURES WITHOUT MCC,0.9096,0.9096,2.7
102,No,No,01,MED,HEADACHES WITH MCC,1.2066,1.2066,3.1
103,No,No,01,MED,HEADACHES WITHOUT MCC,0.8424,0.8424,2.3
113,No,No,02,SURG,ORBITAL PROCEDURES WITH CC/MCC,2.5073,2.5073,4.9
114,No,No,02,SURG,ORBITAL PROCEDURES WITHOUT CC/MCC,1.2318,1.2318,2.1
115,No,No,02,SURG,EXTRAOCULAR PROCEDURES EXCEPT ORBIT,1.5644,1.5644,3.6
116,No,No,02,SURG,INTRAOCULAR PROCEDURES WITH CC/MCC,1.8308,1.8308,4.2
117,No,No,02,SURG,INTRAOCULAR PROCEDURES WITHOUT CC/MCC,1.1984,1.1984,2.0
121,No,No,02,MED,ACUTE MAJOR EYE INFECTIONS WITH CC/MCC,1.2812,1.2812,4.4
122,No,No,02,MED,ACUTE MAJOR EYE INFECTIONS WITHOUT CC/MCC,0.7445,0.7445,3.0
123,No,No,02,MED,NEUROLOGICAL EYE DISORDERS,0.8040,0.8040,2.1
124,No,No,02,MED,OTHER DISORDERS OF THE EYE WITH MCC OR THROMBOLYTIC AGENT,1.3219,1.3219,3.4
125,No,No,02,MED,OTHER DISORDERS OF THE EYE WITHOUT MCC,0.7975,0.7975,2.3
135,No,No,03,SURG,SINUS AND MASTOID PROCEDURES WITH CC/MCC,2.6521,2.6521,4.2
136,No,No,03,SURG,SINUS AND MASTOID PROCEDURES WITHOUT CC/MCC,0.9391,1.0443,1.3
137,No,No,03,SURG,MOUTH PROCEDURES WITH CC/MCC,1.5047,1.5047,3.7
138,No,No,03,SURG,MOUTH PROCEDURES WITHOUT CC/MCC,0.8657,0.8657,1.6
139,No,No,03,SURG,SALIVARY GLAND PROCEDURES,1.1877,1.1877,2.2
140,No,No,03,SURG,MAJOR HEAD AND NECK PROCEDURES WITH MCC,3.7781,3.7781,7.0
141,No,No,03,SURG,MAJOR HEAD AND NECK PROCEDURES WITH CC,2.0717,2.0717,3.1
142,No,No,03,SURG,MAJOR HEAD AND NECK PROCEDURES WITHOUT CC/MCC,1.5450,1.5450,2.0
143,No,No,03,SURG,"OTHER EAR, NOSE, MOUTH AND THROAT O.R. PROCEDURES WITH MCC",3.3256,3.3256,6.3
144,No,No,03,SURG,"OTHER EAR, NOSE, MOUTH AND THROAT O.R. PROCEDURES WITH CC",1.7305,1.7305,3.0
145,No,No,03,SURG,"OTHER EAR, NOSE, MOUTH AND THROAT O.R. PROCEDURES WITHOUT CC/MCC",1.2211,1.2211,1.7
146,No,No,03,MED,"EAR, NOSE, MOUTH AND THROAT MALIGNANCY WITH MCC",2.1110,2.1110,5.5
147,No,No,03,MED,"EAR, NOSE, MOUTH AND THROAT MALIGNANCY WITH CC",1.2358,1.2358,3.6
148,No,No,03,MED,"EAR, NOSE, MOUTH AND THROAT MALIGNANCY WITHOUT CC/MCC",0.8897,0.8897,2.2
149,No,No,03,MED,DYSEQUILIBRIUM,0.7447,0.7447,1.9
150,No,No,03,MED,EPISTAXIS WITH MCC,1.3145,1.3145,3.4
151,No,No,03,MED,EPISTAXIS WITHOUT MCC,0.7707,0.7707,2.2
152,No,No,03,MED,OTITIS MEDIA AND URI WITH MCC,1.1882,1.1882,3.2
153,No,No,03,MED,OTITIS MEDIA AND URI WITHOUT MCC,0.7348,0.7348,2.3
154,No,No,03,MED,"OTHER EAR, NOSE, MOUTH AND THROAT DIAGNOSES WITH MCC",1.5382,1.5382,4.2
155,No,No,03,MED,"OTHER EAR, NOSE, MOUTH AND THROAT DIAGNOSES WITH CC",0.9466,0.9466,2.9
156,No,No,03,MED,"OTHER EAR, NOSE, MOUTH AND THROAT DIAGNOSES WITHOUT CC/MCC",0.6555,0.6555,2.1
157,No,No,03,MED,DENTAL AND ORAL DISEASES WITH MCC,1.7070,1.7070,4.7
158,No,No,03,MED,DENTAL AND ORAL DISEASES WITH CC,0.9385,0.9385,2.9
159,No,No,03,MED,DENTAL AND ORAL DISEASES WITHOUT CC/MCC,0.6752,0.6752,2.0
163,Yes,No,04,SURG,MAJOR CHEST PROCEDURES WITH MCC,4.7136,4.7136,7.5
164,Yes,No,04,SURG,MAJOR CHEST PROCEDURES WITH CC,2.5504,2.5504,3.7
165,Yes,No,04,SURG,MAJOR CHEST PROCEDURES WITHOUT CC/MCC,1.8764,1.8764,2.2
166,Yes,No,04,SURG,OTHER RESPIRATORY SYSTEM O.R. PROCEDURES WITH MCC,4.0578,4.0578,8.4
167,Yes,No,04,SURG,OTHER RESPIRATORY SYSTEM O.R. PROCEDURES WITH CC,1.8198,1.8198,3.5
168,Yes,No,04,SURG,OTHER RESPIRATORY SYSTEM O.R. PROCEDURES WITHOUT CC/MCC,1.3557,1.3557,1.8
173,No,No,04,SURG,ULTRASOUND ACCELERATED AND OTHER THROMBOLYSIS WITH PRINCIPAL DIAGNOSIS PULMONARY EMBOLISM,3.0750,3.0750,4.0
175,Yes,No,04,MED,PULMONARY EMBOLISM WITH MCC OR ACUTE COR PULMONALE,1.4030,1.4030,4.0
176,Yes,No,04,MED,PULMONARY EMBOLISM WITHOUT MCC,0.8156,0.8156,2.5
177,Yes,No,04,MED,RESPIRATORY INFECTIONS AND INFLAMMATIONS WITH MCC,1.6964,1.6964,5.0
178,Yes,No,04,MED,RESPIRATORY INFECTIONS AND INFLAMMATIONS WITH CC,0.9867,0.9867,3.3
179,Yes,No,04,MED,RESPIRATORY INFECTIONS AND INFLAMMATIONS WITHOUT CC/MCC,0.7633,0.7633,2.5
180,No,No,04,MED,RESPIRATORY NEOPLASMS WITH MCC,1.7382,1.7382,4.9
181,No,No,04,MED,RESPIRATORY NEOPLASMS WITH CC,1.1011,1.1011,3.2
182,No,No,04,MED,RESPIRATORY NEOPLASMS WITHOUT CC/MCC,0.7590,0.7988,2.2
183,No,No,04,MED,MAJOR CHEST TRAUMA WITH MCC,1.5745,1.5745,4.5
184,No,No,04,MED,MAJOR CHEST TRAUMA WITH CC,1.0519,1.0519,3.1
185,No,No,04,MED,MAJOR CHEST TRAUMA WITHOUT CC/MCC,0.7557,0.7557,2.2
186,Yes,No,04,MED,PLEURAL EFFUSION WITH MCC,1.5521,1.5521,4.4
187,Yes,No,04,MED,PLEURAL EFFUSION WITH CC,0.9963,0.9963,3.1
188,Yes,No,04,MED,PLEURAL EFFUSION WITHOUT CC/MCC,0.7465,0.7465,2.3
189,No,No,04,MED,PULMONARY EDEMA AND RESPIRATORY FAILURE,1.2320,1.2320,3.6
190,Yes,No,04,MED,CHRONIC OBSTRUCTIVE PULMONARY DISEASE WITH MCC,1.1020,1.1020,3.5
191,Yes,No,04,MED,CHRONIC OBSTRUCTIVE PULMONARY DISEASE WITH CC,0.8490,0.8490,2.7
192,Yes,No,04,MED,CHRONIC OBSTRUCTIVE PULMONARY DISEASE WITHOUT CC/MCC,0.6418,0.6418,2.2
193,Yes,No,04,MED,SIMPLE PNEUMONIA AND PLEURISY WITH MCC,1.3266,1.3266,4.1
194,Yes,No,04,MED,SIMPLE PNEUMONIA AND PLEURISY WITH CC,0.8222,0.8222,2.9
195,Yes,No,04,MED,SIMPLE PNEUMONIA AND PLEURISY WITHOUT CC/MCC,0.6256,0.6256,2.4
196,Yes,No,04,MED,INTERSTITIAL LUNG DISEASE WITH MCC,1.8954,1.8954,5.2
197,Yes,No,04,MED,INTERSTITIAL LUNG DISEASE WITH CC,0.9975,0.9975,3.0
198,Yes,No,04,MED,INTERSTITIAL LUNG DISEASE WITHOUT CC/MCC,0.7782,0.7782,2.3
199,No,No,04,MED,PNEUMOTHORAX WITH MCC,1.7741,1.7741,5.1
200,No,No,04,MED,PNEUMOTHORAX WITH CC,1.0770,1.0770,3.2
201,No,No,04,MED,PNEUMOTHORAX WITHOUT CC/MCC,0.7061,0.7061,2.4
202,No,No,04,MED,BRONCHITIS AND ASTHMA WITH CC/MCC,0.9575,0.9575,2.9
203,No,No,04,MED,BRONCHITIS AND ASTHMA WITHOUT CC/MCC,0.6949,0.6949,2.2
204,No,No,04,MED,RESPIRATORY SIGNS AND SYMPTOMS,0.8229,0.8229,2.1
205,Yes,No,04,MED,OTHER RESPIRATORY SYSTEM DIAGNOSES WITH MCC,1.8103,1.8103,4.5
206,Yes,No,04,MED,OTHER RESPIRATORY SYSTEM DIAGNOSES WITHOUT MCC,0.9135,0.9135,2.5
207,Yes,No,04,MED,RESPIRATORY SYSTEM DIAGNOSIS WITH VENTILATOR SUPPORT >96 HOURS,6.9080,6.9080,14.8
208,No,No,04,MED,RESPIRATORY SYSTEM DIAGNOSIS WITH VENTILATOR SUPPORT <=96 HOURS,2.7038,2.7038,5.2
212,No,No,05,SURG,CONCOMITANT AORTIC AND MITRAL VALVE PROCEDURES,10.7707,10.7707,12.6
215,No,No,05,SURG,OTHER HEART ASSIST SYSTEM IMPLANT,10.2148,10.2148,5.0
216,Yes,Yes,05,SURG,CARDIAC VALVE AND OTHER MAJOR CARDIOTHORACIC PROCEDURES WITH CARDIAC CATHETERIZATION WITH MCC,9.7053,9.7053,11.2
217,Yes,Yes,05,SURG,CARDIAC VALVE AND OTHER MAJOR CARDIOTHORACIC PROCEDURES WITH CARDIAC CATHETERIZATION WITH CC,6.3653,6.3653,5.2
218,Yes,Yes,05,SURG,CARDIAC VALVE AND OTHER MAJOR CARDIOTHORACIC PROCEDURES WITH CARDIAC CATHETERIZATION WITHOUT CC/MCC,5.6967,5.6967,2.2
219,Yes,Yes,05,SURG,CARDIAC VALVE AND OTHER MAJOR CARDIOTHORACIC PROCEDURES WITHOUT CARDIAC CATHETERIZATION WITH MCC,7.7112,7.7112,8.7
220,Yes,Yes,05,SURG,CARDIAC VALVE AND OTHER MAJOR CARDIOTHORACIC PROCEDURES WITHOUT CARDIAC CATHETERIZATION WITH CC,5.2446,5.2446,5.7
221,Yes,Yes,05,SURG,CARDIAC VALVE AND OTHER MAJOR CARDIOTHORACIC PROCEDURES WITHOUT CARDIAC CATHETERIZATION WITHOUT CC/MCC,4.6486,4.6486,3.3
228,No,No,05,SURG,OTHER CARDIOTHORACIC PROCEDURES WITH MCC,5.0387,5.0387,6.5
229,No,No,05,SURG,OTHER CARDIOTHORACIC PROCEDURES WITHOUT MCC,3.1796,3.1796,2.6
231,No,No,05,SURG,CORONARY BYPASS WITH PTCA WITH MCC,8.1152,8.1152,10.3
232,No,No,05,SURG,CORONARY BYPASS WITH PTCA WITHOUT MCC,5.9486,5.9486,7.5
233,Yes,No,05,SURG,CORONARY BYPASS WITH CARDIAC CATHETERIZATION OR OPEN ABLATION WITH MCC,7.7996,7.7996,11.4
234,Yes,No,05,SURG,CORONARY BYPASS WITH CARDIAC CATHETERIZATION OR OPEN ABLATION WITHOUT MCC,5.1979,5.1979,8.1
235,Yes,No,05,SURG,CORONARY BYPASS WITHOUT CARDIAC CATHETERIZATION WITH MCC,5.8806,5.8806,8.2
236,Yes,No,05,SURG,CORONARY BYPASS WITHOUT CARDIAC CATHETERIZATION WITHOUT MCC,4.0412,4.0412,5.8
239,Yes,No,05,SURG,AMPUTATION FOR CIRCULATORY SYSTEM DISORDERS EXCEPT UPPER LIMB AND TOE WITH MCC,4.8068,4.8068,11.1
240,Yes,No,05,SURG,AMPUTATION FOR CIRCULATORY SYSTEM DISORDERS EXCEPT UPPER LIMB AND TOE WITH CC,2.8092,2.8092,7.1
241,Yes,No,05,SURG,AMPUTATION FOR CIRCULATORY SYSTEM DISORDERS EXCEPT UPPER LIMB AND TOE WITHOUT CC/MCC,1.3898,1.3940,4.2
242,Yes,No,05,SURG,PERMANENT CARDIAC PACEMAKER IMPLANT WITH MCC,3.4551,3.4551,5.1
243,Yes,No,05,SURG,PERMANENT CARDIAC PACEMAKER IMPLANT WITH CC,2.2776,2.2776,2.9
244,Yes,No,05,SURG,PERMANENT CARDIAC PACEMAKER IMPLANT WITHOUT CC/MCC,1.8295,1.8295,2.1
245,No,No,05,SURG,AICD GENERATOR PROCEDURES,4.5314,4.5314,4.1
250,No,No,05,SURG,PERCUTANEOUS CARDIOVASCULAR PROCEDURES WITHOUT INTRALUMINAL DEVICE WITH MCC,2.3508,2.3508,3.4
251,No,No,05,SURG,PERCUTANEOUS CARDIOVASCULAR PROCEDURES WITHOUT INTRALUMINAL DEVICE WITHOUT MCC,1.5869,1.5869,2.0
252,No,No,05,SURG,OTHER VASCULAR PROCEDURES WITH MCC,3.3538,3.3538,5.4
253,No,No,05,SURG,OTHER VASCULAR PROCEDURES WITH CC,2.5511,2.5511,3.8
254,No,No,05,SURG,OTHER VASCULAR PROCEDURES WITHOUT CC/MCC,1.7351,1.7351,1.9
255,Yes,No,05,SURG,UPPER LIMB AND TOE AMPUTATION FOR CIRCULATORY SYSTEM DISORDERS WITH MCC,2.7474,2.7474,7.0
256,Yes,No,05,SURG,UPPER LIMB AND TOE AMPUTATION FOR CIRCULATORY SYSTEM DISORDERS WITH CC,1.6397,1.6397,5.0
257,Yes,No,05,SURG,UPPER LIMB AND TOE AMPUTATION FOR CIRCULATORY SYSTEM DISORDERS WITHOUT CC/MCC,0.9910,0.9910,3.4
258,No,No,05,SURG,CARDIAC PACEMAKER DEVICE REPLACEMENT WITH MCC,2.7086,2.7086,4.7
259,No,No,05,SURG,CARDIAC PACEMAKER DEVICE REPLACEMENT WITHOUT MCC,1.8666,1.8666,2.4
260,No,No,05,SURG,CARDIAC PACEMAKER REVISION EXCEPT DEVICE REPLACEMENT WITH MCC,3.3152,3.3152,5.7
261,No,No,05,SURG,CARDIAC PACEMAKER REVISION EXCEPT DEVICE REPLACEMENT WITH CC,1.8818,1.8818,2.9
262,No,No,05,SURG,CARDIAC PACEMAKER REVISION EXCEPT DEVICE REPLACEMENT WITHOUT CC/MCC,1.6453,1.6453,2.3
263,No,No,05,SURG,VEIN LIGATION AND STRIPPING,2.8252,2.8252,4.6
264,Yes,No,05,SURG,OTHER CIRCULATORY SYSTEM O.R. PROCEDURES,3.2660,3.2660,6.9
265,No,No,05,SURG,AICD LEAD PROCEDURES,3.5341,3.5341,4.0
266,Yes,Yes,05,SURG,ENDOVASCULAR CARDIAC VALVE REPLACEMENT AND SUPPLEMENT PROCEDURES WITH MCC,6.2461,6.2461,2.7
267,Yes,Yes,05,SURG,ENDOVASCULAR CARDIAC VALVE REPLACEMENT AND SUPPLEMENT PROCEDURES WITHOUT MCC,4.8802,4.8802,1.3
268,No,No,05,SURG,AORTIC AND HEART ASSIST PROCEDURES EXCEPT PULSATION BALLOON WITH MCC,6.8547,6.8547,6.1
269,No,No,05,SURG,AORTIC AND HEART ASSIST PROCEDURES EXCEPT PULSATION BALLOON WITHOUT MCC,4.1586,4.1586,1.5
270,No,No,05,SURG,OTHER MAJOR CARDIOVASCULAR PROCEDURES WITH MCC,5.0569,5.0569,6.5
271,No,No,05,SURG,OTHER MAJOR CARDIOVASCULAR PROCEDURES WITH CC,3.4562,3.4562,4.0
272,No,No,05,SURG,OTHER MAJOR CARDIOVASCULAR PROCEDURES WITHOUT CC/MCC,2.4395,2.4395,1.9
273,No,No,05,SURG,PERCUTANEOUS AND OTHER INTRACARDIAC PROCEDURES WITH MCC,3.8970,3.8970,3.6
274,No,No,05,SURG,PERCUTANEOUS AND OTHER INTRACARDIAC PROCEDURES WITHOUT MCC,3.2408,3.2408,1.2
275,No,No,05,SURG,CARDIAC DEFIBRILLATOR IMPLANT WITH CARDIAC CATHETERIZATION AND MCC,7.0358,7.0358,8.0
276,Yes,Yes,05,SURG,CARDIAC DEFIBRILLATOR IMPLANT WITH MCC,6.2102,6.2102,6.3
277,Yes,Yes,05,SURG,CARDIAC DEFIBRILLATOR IMPLANT WITHOUT MCC,4.7824,4.7824,3.3
278,No,No,05,SURG,ULTRASOUND ACCELERATED AND OTHER THROMBOLYSIS OF PERIPHERAL VASCULAR STRUCTURES WITH MCC,4.4604,4.4604,6.3
279,No,No,05,SURG,ULTRASOUND ACCELERATED AND OTHER THROMBOLYSIS OF PERIPHERAL VASCULAR STRUCTURES WITHOUT MCC,3.2006,3.2006,3.1
280,Yes,No,05,MED,"ACUTE MYOCARDIAL INFARCTION, DISCHARGED ALIVE WITH MCC",1.5865,1.5865,4.2
281,Yes,No,05,MED,"ACUTE MYOCARDIAL INFARCTION, DISCHARGED ALIVE WITH CC",0.9130,0.9130,2.4
282,Yes,No,05,MED,"ACUTE MYOCARDIAL INFARCTION, DISCHARGED ALIVE WITHOUT CC/MCC",0.7181,0.7181,1.8
283,No,No,05,MED,"ACUTE MYOCARDIAL INFARCTION, EXPIRED WITH MCC",1.9714,1.9714,3.2
284,No,No,05,MED,"ACUTE MYOCARDIAL INFARCTION, EXPIRED WITH CC",0.7397,0.7397,1.7
285,No,No,05,MED,"ACUTE MYOCARDIAL INFARCTION, EXPIRED WITHOUT CC/MCC",0.4887,0.4887,1.2
286,No,No,05,MED,"CIRCULATORY DISORDERS EXCEPT AMI, WITH CARDIAC CATHETERIZATION WITH MCC",2.1556,2.1556,5.4
287,No,No,05,MED,"CIRCULATORY DISORDERS EXCEPT AMI, WITH CARDIAC CATHETERIZATION WITHOUT MCC",1.0816,1.0816,2.2
288,Yes,No,05,MED,ACUTE AND SUBACUTE ENDOCARDITIS WITH MCC,2.5930,2.5930,7.7
289,Yes,No,05,MED,ACUTE AND SUBACUTE ENDOCARDITIS WITH CC,1.4777,1.4777,5.1
290,Yes,No,05,MED,ACUTE AND SUBACUTE ENDOCARDITIS WITHOUT CC/MCC,1.0252,1.0851,3.4
291,Yes,No,05,MED,HEART FAILURE AND SHOCK WITH MCC,1.2839,1.2839,3.9
292,Yes,No,05,MED,HEART FAILURE AND SHOCK WITH CC,0.8565,0.8565,3.0
293,Yes,No,05,MED,HEART FAILURE AND SHOCK WITHOUT CC/MCC,0.5615,0.5615,2.1
294,No,No,05,MED,DEEP VEIN THROMBOPHLEBITIS WITH CC/MCC,1.0937,1.0937,3.5
295,No,No,05,MED,DEEP VEIN THROMBOPHLEBITIS WITHOUT CC/MCC,0.6315,0.7971,2.4
296,No,No,05,MED,"CARDIAC ARREST, UNEXPLAINED WITH MCC",1.6032,1.6032,2.0
297,No,No,05,MED,"CARDIAC ARREST, UNEXPLAINED WITH CC",0.7286,0.7286,1.3
298,No,No,05,MED,"CARDIAC ARREST, UNEXPLAINED WITHOUT CC/MCC",0.4389,0.4397,1.1
299,Yes,No,05,MED,PERIPHERAL VASCULAR DISORDERS WITH MCC,1.5762,1.5762,4.0
300,Yes,No,05,MED,PERIPHERAL VASCULAR DISORDERS WITH CC,1.0670,1.0670,3.1
301,Yes,No,05,MED,PERIPHERAL VASCULAR DISORDERS WITHOUT CC/MCC,0.7098,0.7098,2.1
302,No,No,05,MED,ATHEROSCLEROSIS WITH MCC,1.1211,1.1211,2.8
303,No,No,05,MED,ATHEROSCLEROSIS WITHOUT MCC,0.6581,0.6581,1.8
304,No,No,05,MED,HYPERTENSION WITH MCC,1.1490,1.1490,3.0
305,No,No,05,MED,HYPERTENSION WITHOUT MCC,0.7535,0.7535,2.1
306,No,No,05,MED,CARDIAC CONGENITAL AND VALVULAR DISORDERS WITH MCC,1.5368,1.5368,3.8
307,No,No,05,MED,CARDIAC CONGENITAL AND VALVULAR DISORDERS WITHOUT MCC,0.9426,0.9426,2.2
308,No,No,05,MED,CARDIAC ARRHYTHMIA AND CONDUCTION DISORDERS WITH MCC,1.2022,1.2022,3.5
309,No,No,05,MED,CARDIAC ARRHYTHMIA AND CONDUCTION DISORDERS WITH CC,0.7447,0.7447,2.3
310,No,No,05,MED,CARDIAC ARRHYTHMIA AND CONDUCTION DISORDERS WITHOUT CC/MCC,0.5530,0.5530,1.8
311,No,No,05,MED,ANGINA PECTORIS,0.6981,0.6981,2.0
312,No,No,05,MED,SYNCOPE AND COLLAPSE,0.8635,0.8635,2.4
313,No,No,05,MED,CHEST PAIN,0.7236,0.7236,1.7
314,Yes,No,05,MED,OTHER CIRCULATORY SYSTEM DIAGNOSES WITH MCC,2.0935,2.0935,5.1
315,Yes,No,05,MED,OTHER CIRCULATORY SYSTEM DIAGNOSES WITH CC,0.9673,0.9673,2.7
316,Yes,No,05,MED,OTHER CIRCULATORY SYSTEM DIAGNOSES WITHOUT CC/MCC,0.6927,0.6927,1.8
319,No,No,05,SURG,OTHER ENDOVASCULAR CARDIAC VALVE PROCEDURES WITH MCC,4.3619,4.3619,7.8
320,No,No,05,SURG,OTHER ENDOVASCULAR CARDIAC VALVE PROCEDURES WITHOUT MCC,2.2260,2.2260,2.2
321,No,No,05,SURG,PERCUTANEOUS CARDIOVASCULAR PROCEDURES WITH INTRALUMINAL DEVICE WITH MCC OR 4+ ARTERIES/INTRALUMINAL DEVICES,2.8747,2.8747,3.8
322,No,No,05,SURG,PERCUTANEOUS CARDIOVASCULAR PROCEDURES WITH INTRALUMINAL DEVICE WITHOUT MCC,1.8234,1.8234,2.0
323,No,No,05,SURG,CORONARY INTRAVASCULAR LITHOTRIPSY WITH INTRALUMINAL DEVICE WITH MCC,4.1400,4.1400,4.6
324,No,No,05,SURG,CORONARY INTRAVASCULAR LITHOTRIPSY WITH INTRALUMINAL DEVICE WITHOUT MCC,2.9686,2.9686,2.3
325,No,No,05,SURG,CORONARY INTRAVASCULAR LITHOTRIPSY WITHOUT INTRALUMINAL DEVICE,2.6443,2.6443,2.6
326,Yes,No,06,SURG,"STOMACH, ESOPHAGEAL AND DUODENAL PROCEDURES WITH MCC",5.0790,5.0790,9.4
327,Yes,No,06,SURG,"STOMACH, ESOPHAGEAL AND DUODENAL PROCEDURES WITH CC",2.4974,2.4974,4.3
328,Yes,No,06,SURG,"STOMACH, ESOPHAGEAL AND DUODENAL PROCEDURES WITHOUT CC/MCC",1.5973,1.5973,2.1
329,Yes,No,06,SURG,MAJOR SMALL AND LARGE BOWEL PROCEDURES WITH MCC,4.5168,4.5168,9.8
330,Yes,No,06,SURG,MAJOR SMALL AND LARGE BOWEL PROCEDURES WITH CC,2.3721,2.3721,5.1
331,Yes,No,06,SURG,MAJOR SMALL AND LARGE BOWEL PROCEDURES WITHOUT CC/MCC,1.6720,1.6720,2.9
332,Yes,No,06,SURG,RECTAL RESECTION WITH MCC,3.6276,3.6543,6.7
333,Yes,No,06,SURG,RECTAL RESECTION WITH CC,2.0795,2.0795,3.4
334,Yes,No,06,SURG,RECTAL RESECTION WITHOUT CC/MCC,1.6051,1.6051,2.3
335,Yes,No,06,SURG,PERITONEAL ADHESIOLYSIS WITH MCC,3.5750,3.5750,8.9
336,Yes,No,06,SURG,PERITONEAL ADHESIOLYSIS WITH CC,2.1053,2.1053,5.5
337,Yes,No,06,SURG,PERITONEAL ADHESIOLYSIS WITHOUT CC/MCC,1.4964,1.4964,3.4
344,No,No,06,SURG,MINOR SMALL AND LARGE BOWEL PROCEDURES WITH MCC,2.7404,2.7404,7.1
345,No,No,06,SURG,MINOR SMALL AND LARGE BOWEL PROCEDURES WITH CC,1.5406,1.5406,4.2
346,No,No,06,SURG,MINOR SMALL AND LARGE BOWEL PROCEDURES WITHOUT CC/MCC,1.2878,1.2878,2.9
347,No,No,06,SURG,ANAL AND STOMAL PROCEDURES WITH MCC,2.5491,2.5491,5.6
348,No,No,06,SURG,ANAL AND STOMAL PROCEDURES WITH CC,1.3014,1.3014,3.1
349,No,No,06,SURG,ANAL AND STOMAL PROCEDURES WITHOUT CC/MCC,0.9758,0.9758,1.8
350,No,No,06,SURG,INGUINAL AND FEMORAL HERNIA PROCEDURES WITH MCC,2.4000,2.4000,4.8
351,No,No,06,SURG,INGUINAL AND FEMORAL HERNIA PROCEDURES WITH CC,1.4556,1.4556,3.0
352,No,No,06,SURG,INGUINAL AND FEMORAL HERNIA PROCEDURES WITHOUT CC/MCC,1.1090,1.1090,2.0
353,No,No,06,SURG,HERNIA PROCEDURES EXCEPT INGUINAL AND FEMORAL WITH MCC,2.9243,2.9243,6.0
354,No,No,06,SURG,HERNIA PROCEDURES EXCEPT INGUINAL AND FEMORAL WITH CC,1.7178,1.7178,3.5
355,No,No,06,SURG,HERNIA PROCEDURES EXCEPT INGUINAL AND FEMORAL WITHOUT CC/MCC,1.3626,1.3626,2.3
356,Yes,No,06,SURG,OTHER DIGESTIVE SYSTEM O.R. PROCEDURES WITH MCC,4.2787,4.2787,8.0
357,Yes,No,06,SURG,OTHER DIGESTIVE SYSTEM O.R. PROCEDURES WITH CC,2.1968,2.1968,4.4
358,Yes,No,06,SURG,OTHER DIGESTIVE SYSTEM O.R. PROCEDURES WITHOUT CC/MCC,1.2811,1.2811,2.5
368,No,No,06,MED,MAJOR ESOPHAGEAL DISORDERS WITH MCC,1.6520,1.6520,4.2
369,No,No,06,MED,MAJOR ESOPHAGEAL DISORDERS WITH CC,0.9883,0.9883,3.0
370,No,No,06,MED,MAJOR ESOPHAGEAL DISORDERS WITHOUT CC/MCC,0.7437,0.7437,2.2
371,Yes,No,06,MED,MAJOR GASTROINTESTINAL DISORDERS AND PERITONEAL INFECTIONS WITH MCC,1.7477,1.7477,5.4
372,Yes,No,06,MED,MAJOR GASTROINTESTINAL DISORDERS AND PERITONEAL INFECTIONS WITH CC,1.0423,1.0423,3.8
373,Yes,No,06,MED,MAJOR GASTROINTESTINAL DISORDERS AND PERITONEAL INFECTIONS WITHOUT CC/MCC,0.7165,0.7165,2.8
374,Yes,No,06,MED,DIGESTIVE MALIGNANCY WITH MCC,2.0990,2.0990,5.6
375,Yes,No,06,MED,DIGESTIVE MALIGNANCY WITH CC,1.1983,1.1983,3.6
376,Yes,No,06,MED,DIGESTIVE MALIGNANCY WITHOUT CC/MCC,0.8914,0.8914,2.4
377,Yes,No,06,MED,GASTROINTESTINAL HEMORRHAGE WITH MCC,1.7903,1.7903,4.6
378,Yes,No,06,MED,GASTROINTESTINAL HEMORRHAGE WITH CC,0.9838,0.9838,3.0
379,Yes,No,06,MED,GASTROINTESTINAL HEMORRHAGE WITHOUT CC/MCC,0.6332,0.6332,2.1
380,Yes,No,06,MED,COMPLICATED PEPTIC ULCER WITH MCC,1.9485,1.9485,5.1
381,Yes,No,06,MED,COMPLICATED PEPTIC ULCER WITH CC,1.0730,1.0730,3.2
382,Yes,No,06,MED,COMPLICATED PEPTIC ULCER WITHOUT CC/MCC,0.7571,0.7571,2.4
383,No,No,06,MED,UNCOMPLICATED PEPTIC ULCER WITH MCC,1.3982,1.3982,3.8
384,No,No,06,MED,UNCOMPLICATED PEPTIC ULCER WITHOUT MCC,0.8757,0.8757,2.6
385,No,No,06,MED,INFLAMMATORY BOWEL DISEASE WITH MCC,1.5669,1.5669,5.0
386,No,No,06,MED,INFLAMMATORY BOWEL DISEASE WITH CC,0.9716,0.9716,3.4
387,No,No,06,MED,INFLAMMATORY BOWEL DISEASE WITHOUT CC/MCC,0.6841,0.6841,2.6
388,Yes,No,06,MED,GASTROINTESTINAL OBSTRUCTION WITH MCC,1.4535,1.4535,4.6
389,Yes,No,06,MED,GASTROINTESTINAL OBSTRUCTION WITH CC,0.7964,0.7964,3.1
390,Yes,No,06,MED,GASTROINTESTINAL OBSTRUCTION WITHOUT CC/MCC,0.5590,0.5590,2.3
391,No,No,06,MED,"ESOPHAGITIS, GASTROENTERITIS AND MISCELLANEOUS DIGESTIVE DISORDERS WITH MCC",1.2757,1.2757,3.9
392,No,No,06,MED,"ESOPHAGITIS, GASTROENTERITIS AND MISCELLANEOUS DIGESTIVE DISORDERS WITHOUT MCC",0.7856,0.7856,2.6
393,No,No,06,MED,OTHER DIGESTIVE SYSTEM DIAGNOSES WITH MCC,1.6196,1.6196,4.4
394,No,No,06,MED,OTHER DIGESTIVE SYSTEM DIAGNOSES WITH CC,0.9369,0.9369,3.0
395,No,No,06,MED,OTHER DIGESTIVE SYSTEM DIAGNOSES WITHOUT CC/MCC,0.6475,0.6475,2.1
397,No,No,06,SURG,APPENDIX PROCEDURES WITH MCC,2.2466,2.2466,4.7
398,No,No,06,SURG,APPENDIX PROCEDURES WITH CC,1.5133,1.5133,3.1
399,No,No,06,SURG,APPENDIX PROCEDURES WITHOUT CC/MCC,1.1131,1.1131,1.9
405,Yes,No,07,SURG,"PANCREAS, LIVER AND SHUNT PROCEDURES WITH MCC",5.5052,5.5052,9.0
406,Yes,No,07,SURG,"PANCREAS, LIVER AND SHUNT PROCEDURES WITH CC",2.8874,2.8874,5.0
407,Yes,No,07,SURG,"PANCREAS, LIVER AND SHUNT PROCEDURES WITHOUT CC/MCC",2.1510,2.1510,3.5
408,No,No,07,SURG,BILIARY TRACT PROCEDURES EXCEPT ONLY CHOLECYSTECTOMY WITH OR WITHOUT C.D.E. WITH MCC,3.7222,3.7222,8.1
409,No,No,07,SURG,BILIARY TRACT PROCEDURES EXCEPT ONLY CHOLECYSTECTOMY WITH OR WITHOUT C.D.E. WITH CC,1.9573,1.9573,4.6
410,No,No,07,SURG,BILIARY TRACT PROCEDURES EXCEPT ONLY CHOLECYSTECTOMY WITH OR WITHOUT C.D.E. WITHOUT CC/MCC,1.5652,1.5652,3.1
411,No,No,07,SURG,CHOLECYSTECTOMY WITH C.D.E. WITH MCC,2.8805,3.0404,6.2
412,No,No,07,SURG,CHOLECYSTECTOMY WITH C.D.E. WITH CC,2.0455,2.0661,4.1
413,No,No,07,SURG,CHOLECYSTECTOMY WITH C.D.E. WITHOUT CC/MCC,1.5096,1.5096,2.5
414,Yes,No,07,SURG,CHOLECYSTECTOMY EXCEPT BY LAPAROSCOPE WITHOUT C.D.E. WITH MCC,3.5252,3.5252,7.6
415,Yes,No,07,SURG,CHOLECYSTECTOMY EXCEPT BY LAPAROSCOPE WITHOUT C.D.E. WITH CC,1.9758,1.9758,4.7
416,Yes,No,07,SURG,CHOLECYSTECTOMY EXCEPT BY LAPAROSCOPE WITHOUT C.D.E. WITHOUT CC/MCC,1.3392,1.3392,2.8
417,No,No,07,SURG,LAPAROSCOPIC CHOLECYSTECTOMY WITHOUT C.D.E. WITH MCC,2.3178,2.3178,4.9
418,No,No,07,SURG,LAPAROSCOPIC CHOLECYSTECTOMY WITHOUT C.D.E. WITH CC,1.6347,1.6347,3.4
419,No,No,07,SURG,LAPAROSCOPIC CHOLECYSTECTOMY WITHOUT C.D.E. WITHOUT CC/MCC,1.3132,1.3132,2.3
420,No,No,07,SURG,HEPATOBILIARY DIAGNOSTIC PROCEDURES WITH MCC,3.2008,3.2008,7.1
421,No,No,07,SURG,HEPATOBILIARY DIAGNOSTIC PROCEDURES WITH CC,1.7096,1.7096,3.7
422,No,No,07,SURG,HEPATOBILIARY DIAGNOSTIC PROCEDURES WITHOUT CC/MCC,1.4110,1.4110,2.4
423,No,No,07,SURG,OTHER HEPATOBILIARY OR PANCREAS O.R. PROCEDURES WITH MCC,3.9109,3.9109,8.0
424,No,No,07,SURG,OTHER HEPATOBILIARY OR PANCREAS O.R. PROCEDURES WITH CC,2.0873,2.1317,4.5
425,No,No,07,SURG,OTHER HEPATOBILIARY OR PANCREAS O.R. PROCEDURES WITHOUT CC/MCC,1.6019,1.6019,2.4
432,No,No,07,MED,CIRRHOSIS AND ALCOHOLIC HEPATITIS WITH MCC,1.9160,1.9160,4.9
433,No,No,07,MED,CIRRHOSIS AND ALCOHOLIC HEPATITIS WITH CC,1.0310,1.0310,3.3
434,No,No,07,MED,CIRRHOSIS AND ALCOHOLIC HEPATITIS WITHOUT CC/MCC,0.6695,0.6695,2.3
435,No,No,07,MED,MALIGNANCY OF HEPATOBILIARY SYSTEM OR PANCREAS WITH MCC,1.7599,1.7599,4.8
436,No,No,07,MED,MALIGNANCY OF HEPATOBILIARY SYSTEM OR PANCREAS WITH CC,1.1007,1.1007,3.4
437,No,No,07,MED,MALIGNANCY OF HEPATOBILIARY SYSTEM OR PANCREAS WITHOUT CC/MCC,0.8311,0.8311,2.4
438,No,No,07,MED,DISORDERS OF PANCREAS EXCEPT MALIGNANCY WITH MCC,1.6688,1.6688,4.7
439,No,No,07,MED,DISORDERS OF PANCREAS EXCEPT MALIGNANCY WITH CC,0.8552,0.8552,3.1
440,No,No,07,MED,DISORDERS OF PANCREAS EXCEPT MALIGNANCY WITHOUT CC/MCC,0.6156,0.6156,2.4
441,Yes,No,07,MED,"DISORDERS OF LIVER EXCEPT MALIGNANCY, CIRRHOSIS OR ALCOHOLIC HEPATITIS WITH MCC",1.8282,1.8282,4.8
442,Yes,No,07,MED,"DISORDERS OF LIVER EXCEPT MALIGNANCY, CIRRHOSIS OR ALCOHOLIC HEPATITIS WITH CC",0.9515,0.9515,3.2
443,Yes,No,07,MED,"DISORDERS OF LIVER EXCEPT MALIGNANCY, CIRRHOSIS OR ALCOHOLIC HEPATITIS WITHOUT CC/MCC",0.7147,0.7147,2.5
444,No,No,07,MED,DISORDERS OF THE BILIARY TRACT WITH MCC,1.6332,1.6332,4.4
445,No,No,07,MED,DISORDERS OF THE BILIARY TRACT WITH CC,1.0868,1.0868,3.1
446,No,No,07,MED,DISORDERS OF THE BILIARY TRACT WITHOUT CC/MCC,0.8015,0.8015,2.2
453,No,No,08,SURG,COMBINED ANTERIOR AND POSTERIOR SPINAL FUSION WITH MCC,8.8614,8.8614,7.3
454,No,No,08,SURG,COMBINED ANTERIOR AND POSTERIOR SPINAL FUSION WITH CC,6.1163,6.1163,3.7
455,No,No,08,SURG,COMBINED ANTERIOR AND POSTERIOR SPINAL FUSION WITHOUT CC/MCC,4.6056,4.6056,2.3
456,No,No,08,SURG,"SPINAL FUSION EXCEPT CERVICAL WITH SPINAL CURVATURE, MALIGNANCY, INFECTION OR EXTENSIVE FUSIONS WITH MCC",8.4294,8.4294,10.6
457,No,No,08,SURG,"SPINAL FUSION EXCEPT CERVICAL WITH SPINAL CURVATURE, MALIGNANCY, INFECTION OR EXTENSIVE FUSIONS WITH CC",6.0753,6.0753,5.3
458,No,No,08,SURG,"SPINAL FUSION EXCEPT CERVICAL WITH SPINAL CURVATURE, MALIGNANCY, INFECTION OR EXTENSIVE FUSIONS WITHOUT CC/MCC",4.5310,4.5310,3.0
459,Yes,No,08,SURG,SPINAL FUSION EXCEPT CERVICAL WITH MCC,6.6323,6.6323,7.6
460,Yes,No,08,SURG,SPINAL FUSION EXCEPT CERVICAL WITHOUT MCC,3.6579,3.6579,2.8
461,No,No,08,SURG,BILATERAL OR MULTIPLE MAJOR JOINT PROCEDURES OF LOWER EXTREMITY WITH MCC,6.8185,6.8185,7.4
462,No,No,08,SURG,BILATERAL OR MULTIPLE MAJOR JOINT PROCEDURES OF LOWER EXTREMITY WITHOUT MCC,2.8463,2.8463,2.3
463,Yes,No,08,SURG,WOUND DEBRIDEMENT AND SKIN GRAFT EXCEPT HAND FOR MUSCULOSKELETAL AND CONNECTIVE TISSUE DISORDERS WITH MCC,5.6637,5.6637,11.1
464,Yes,No,08,SURG,WOUND DEBRIDEMENT AND SKIN GRAFT EXCEPT HAND FOR MUSCULOSKELETAL AND CONNECTIVE TISSUE DISORDERS WITH CC,3.0014,3.0014,5.6
465,Yes,No,08,SURG,WOUND DEBRIDEMENT AND SKIN GRAFT EXCEPT HAND FOR MUSCULOSKELETAL AND CONNECTIVE TISSUE DISORDERS WITHOUT CC/MCC,1.8708,1.8708,2.4
466,Yes,No,08,SURG,REVISION OF HIP OR KNEE REPLACEMENT WITH MCC,5.1866,5.1866,7.2
467,Yes,No,08,SURG,REVISION OF HIP OR KNEE REPLACEMENT WITH CC,3.4863,3.4863,3.2
468,Yes,No,08,SURG,REVISION OF HIP OR KNEE REPLACEMENT WITHOUT CC/MCC,2.6696,2.6696,1.6
469,Yes,No,08,SURG,MAJOR HIP AND KNEE JOINT REPLACEMENT OR REATTACHMENT OF LOWER EXTREMITY WITH MCC OR TOTAL ANKLE REPLACEMENT,3.3298,3.3298,3.5
470,Yes,No,08,SURG,MAJOR HIP AND KNEE JOINT REPLACEMENT OR REATTACHMENT OF LOWER EXTREMITY WITHOUT MCC,1.8817,1.8817,1.7
471,No,No,08,SURG,CERVICAL SPINAL FUSION WITH MCC,4.9190,4.9190,7.1
472,No,No,08,SURG,CERVICAL SPINAL FUSION WITH CC,2.9554,2.9554,2.6
473,No,No,08,SURG,CERVICAL SPINAL FUSION WITHOUT CC/MCC,2.4606,2.4606,1.7
474,Yes,No,08,SURG,AMPUTATION FOR MUSCULOSKELETAL SYSTEM AND CONNECTIVE TISSUE DISORDERS WITH MCC,4.3028,4.3028,10.1
475,Yes,No,08,SURG,AMPUTATION FOR MUSCULOSKELETAL SYSTEM AND CONNECTIVE TISSUE DISORDERS WITH CC,2.1447,2.1447,5.9
476,Yes,No,08,SURG,AMPUTATION FOR MUSCULOSKELETAL SYSTEM AND CONNECTIVE TISSUE DISORDERS WITHOUT CC/MCC,1.1769,1.1769,2.7
477,Yes,Yes,08,SURG,BIOPSIES OF MUSCULOSKELETAL SYSTEM AND CONNECTIVE TISSUE WITH MCC,3.3690,3.3690,8.8
478,Yes,Yes,08,SURG,BIOPSIES OF MUSCULOSKELETAL SYSTEM AND CONNECTIVE TISSUE WITH CC,2.3837,2.3837,5.4
479,Yes,Yes,08,SURG,BIOPSIES OF MUSCULOSKELETAL SYSTEM AND CONNECTIVE TISSUE WITHOUT CC/MCC,1.8640,1.8640,3.3
480,Yes,Yes,08,SURG,HIP AND FEMUR PROCEDURES EXCEPT MAJOR JOINT WITH MCC,2.9489,2.9489,6.5
481,Yes,Yes,08,SURG,HIP AND FEMUR PROCEDURES EXCEPT MAJOR JOINT WITH CC,2.0749,2.0749,4.5
482,Yes,Yes,08,SURG,HIP AND FEMUR PROCEDURES EXCEPT MAJOR JOINT WITHOUT CC/MCC,1.5884,1.5884,3.2
483,No,No,08,SURG,MAJOR JOINT OR LIMB REATTACHMENT PROCEDURES OF UPPER EXTREMITIES,2.4842,2.4842,1.7
485,No,No,08,SURG,KNEE PROCEDURES WITH PRINCIPAL DIAGNOSIS OF INFECTION WITH MCC,3.2940,3.2940,8.3
486,No,No,08,SURG,KNEE PROCEDURES WITH PRINCIPAL DIAGNOSIS OF INFECTION WITH CC,2.0083,2.0083,5.0
487,No,No,08,SURG,KNEE PROCEDURES WITH PRINCIPAL DIAGNOSIS OF INFECTION WITHOUT CC/MCC,1.5449,1.5449,3.5
488,Yes,No,08,SURG,KNEE PROCEDURES WITHOUT PRINCIPAL DIAGNOSIS OF INFECTION WITH CC/MCC,2.1066,2.1066,3.1
489,Yes,No,08,SURG,KNEE PROCEDURES WITHOUT PRINCIPAL DIAGNOSIS OF INFECTION WITHOUT CC/MCC,1.2377,1.2377,1.5
492,Yes,Yes,08,SURG,"LOWER EXTREMITY AND HUMERUS PROCEDURES EXCEPT HIP, FOOT AND FEMUR WITH MCC",3.4621,3.4621,6.7
493,Yes,Yes,08,SURG,"LOWER EXTREMITY AND HUMERUS PROCEDURES EXCEPT HIP, FOOT AND FEMUR WITH CC",2.4017,2.4017,4.2
494,Yes,Yes,08,SURG,"LOWER EXTREMITY AND HUMERUS PROCEDURES EXCEPT HIP, FOOT AND FEMUR WITHOUT CC/MCC",1.8692,1.8692,2.8
495,Yes,Yes,08,SURG,LOCAL EXCISION AND REMOVAL OF INTERNAL FIXATION DEVICES EXCEPT HIP AND FEMUR WITH MCC,3.5812,3.5812,7.7
496,Yes,Yes,08,SURG,LOCAL EXCISION AND REMOVAL OF INTERNAL FIXATION DEVICES EXCEPT HIP AND FEMUR WITH CC,1.9875,1.9875,3.4
497,Yes,Yes,08,SURG,LOCAL EXCISION AND REMOVAL OF INTERNAL FIXATION DEVICES EXCEPT HIP AND FEMUR WITHOUT CC/MCC,1.4274,1.4274,1.8
498,No,No,08,SURG,LOCAL EXCISION AND REMOVAL OF INTERNAL FIXATION DEVICES OF HIP AND FEMUR WITH CC/MCC,2.6110,2.6110,5.9
499,No,No,08,SURG,LOCAL EXCISION AND REMOVAL OF INTERNAL FIXATION DEVICES OF HIP AND FEMUR WITHOUT CC/MCC,1.2898,1.2898,1.9
500,Yes,Yes,08,SURG,SOFT TISSUE PROCEDURES WITH MCC,3.2428,3.2428,7.8
501,Yes,Yes,08,SURG,SOFT TISSUE PROCEDURES WITH CC,1.7357,1.7357,4.1
502,Yes,Yes,08,SURG,SOFT TISSUE PROCEDURES WITHOUT CC/MCC,1.3827,1.3827,2.3
503,No,No,08,SURG,FOOT PROCEDURES WITH MCC,2.6819,2.6819,7.3
504,No,No,08,SURG,FOOT PROCEDURES WITH CC,1.7271,1.7271,4.5
505,No,No,08,SURG,FOOT PROCEDURES WITHOUT CC/MCC,1.7057,1.7057,2.6
506,No,No,08,SURG,MAJOR THUMB OR JOINT PROCEDURES,1.4626,1.4626,4.0
507,No,No,08,SURG,MAJOR SHOULDER OR ELBOW JOINT PROCEDURES WITH CC/MCC,2.1317,2.1317,5.5
508,No,No,08,SURG,MAJOR SHOULDER OR ELBOW JOINT PROCEDURES WITHOUT CC/MCC,1.4340,1.4340,2.3
509,No,No,08,SURG,ARTHROSCOPY,1.3262,1.3661,3.3
510,Yes,No,08,SURG,"SHOULDER, ELBOW OR FOREARM PROCEDURES, EXCEPT MAJOR JOINT PROCEDURES WITH MCC",2.7206,2.7206,5.0
511,Yes,No,08,SURG,"SHOULDER, ELBOW OR FOREARM PROCEDURES, EXCEPT MAJOR JOINT PROCEDURES WITH CC",1.9938,1.9938,3.4
512,Yes,No,08,SURG,"SHOULDER, ELBOW OR FOREARM PROCEDURES, EXCEPT MAJOR JOINT PROCEDURES WITHOUT CC/MCC",1.6138,1.6138,2.2
513,No,No,08,SURG,"HAND OR WRIST PROCEDURES, EXCEPT MAJOR THUMB OR JOINT PROCEDURES WITH CC/MCC",1.6210,1.6210,3.9
514,No,No,08,SURG,"HAND OR WRIST PROCEDURES, EXCEPT MAJOR THUMB OR JOINT PROCEDURES WITHOUT CC/MCC",1.0415,1.0415,2.2
515,Yes,Yes,08,SURG,OTHER MUSCULOSKELETAL SYSTEM AND CONNECTIVE TISSUE O.R. PROCEDURES WITH MCC,3.1615,3.1615,7.0
516,Yes,Yes,08,SURG,OTHER MUSCULOSKELETAL SYSTEM AND CONNECTIVE TISSUE O.R. PROCEDURES WITH CC,2.0408,2.0408,3.9
517,Yes,Yes,08,SURG,OTHER MUSCULOSKELETAL SYSTEM AND CONNECTIVE TISSUE O.R. PROCEDURES WITHOUT CC/MCC,1.4944,1.4944,2.3
518,Yes,Yes,08,SURG,BACK AND NECK PROCEDURES EXCEPT SPINAL FUSION WITH MCC OR DISC DEVICE OR NEUROSTIMULATOR,3.6518,3.6518,5.5
519,Yes,Yes,08,SURG,BACK AND NECK PROCEDURES EXCEPT SPINAL FUSION WITH CC,1.9686,1.9686,3.2
520,Yes,Yes,08,SURG,BACK AND NECK PROCEDURES EXCEPT SPINAL FUSION WITHOUT CC/MCC,1.4315,1.4315,2.0
521,Yes,Yes,08,SURG,HIP REPLACEMENT WITH PRINCIPAL DIAGNOSIS OF HIP FRACTURE WITH MCC,2.9942,2.9942,6.4
522,Yes,Yes,08,SURG,HIP REPLACEMENT WITH PRINCIPAL DIAGNOSIS OF HIP FRACTURE WITHOUT MCC,2.1122,2.1122,4.1
533,Yes,No,08,MED,FRACTURES OF FEMUR WITH MCC,1.6314,1.6314,4.6
534,Yes,No,08,MED,FRACTURES OF FEMUR WITHOUT MCC,0.8100,0.8100,2.8
535,Yes,No,08,MED,FRACTURES OF HIP AND PELVIS WITH MCC,1.2967,1.2967,3.9
536,Yes,No,08,MED,FRACTURES OF HIP AND PELVIS WITHOUT MCC,0.7871,0.7871,2.8
537,No,No,08,MED,"SPRAINS, STRAINS, AND DISLOCATIONS OF HIP, PELVIS AND THIGH WITH CC/MCC",0.9670,0.9670,3.1
538,No,No,08,MED,"SPRAINS, STRAINS, AND DISLOCATIONS OF HIP, PELVIS AND THIGH WITHOUT CC/MCC",0.7091,0.7091,2.2
539,Yes,No,08,MED,OSTEOMYELITIS WITH MCC,1.9844,1.9844,6.4
540,Yes,No,08,MED,OSTEOMYELITIS WITH CC,1.2982,1.2982,4.4
541,Yes,No,08,MED,OSTEOMYELITIS WITHOUT CC/MCC,0.8579,0.8579,3.0
542,Yes,No,08,MED,PATHOLOGICAL FRACTURES AND MUSCULOSKELETAL AND CONNECTIVE TISSUE MALIGNANCY WITH MCC,1.8237,1.8237,5.2
543,Yes,No,08,MED,PATHOLOGICAL FRACTURES AND MUSCULOSKELETAL AND CONNECTIVE TISSUE MALIGNANCY WITH CC,1.0907,1.0907,3.5
544,Yes,No,08,MED,PATHOLOGICAL FRACTURES AND MUSCULOSKELETAL AND CONNECTIVE TISSUE MALIGNANCY WITHOUT CC/MCC,0.7675,0.7675,2.6
545,Yes,No,08,MED,CONNECTIVE TISSUE DISORDERS WITH MCC,2.4932,2.4932,5.8
546,Yes,No,08,MED,CONNECTIVE TISSUE DISORDERS WITH CC,1.1993,1.1993,3.5
547,Yes,No,08,MED,CONNECTIVE TISSUE DISORDERS WITHOUT CC/MCC,0.8134,0.8233,2.4
548,No,No,08,MED,SEPTIC ARTHRITIS WITH MCC,1.9498,1.9498,6.1
549,No,No,08,MED,SEPTIC ARTHRITIS WITH CC,1.2062,1.2062,4.1
550,No,No,08,MED,SEPTIC ARTHRITIS WITHOUT CC/MCC,0.9208,0.9435,3.1
551,Yes,No,08,MED,MEDICAL BACK PROBLEMS WITH MCC,1.7019,1.7019,4.6
552,Yes,No,08,MED,MEDICAL BACK PROBLEMS WITHOUT MCC,0.9663,0.9663,2.9
553,No,No,08,MED,BONE DISEASES AND ARTHROPATHIES WITH MCC,1.3515,1.3515,4.2
554,No,No,08,MED,BONE DISEASES AND ARTHROPATHIES WITHOUT MCC,0.8218,0.8218,2.8
555,No,No,08,MED,SIGNS AND SYMPTOMS OF MUSCULOSKELETAL SYSTEM AND CONNECTIVE TISSUE WITH MCC,1.3990,1.3990,3.9
556,No,No,08,MED,SIGNS AND SYMPTOMS OF MUSCULOSKELETAL SYSTEM AND CONNECTIVE TISSUE WITHOUT MCC,0.8244,0.8244,2.6
557,Yes,No,08,MED,"TENDONITIS, MYOSITIS AND BURSITIS WITH MCC",1.5568,1.5568,5.1
558,Yes,No,08,MED,"TENDONITIS, MYOSITIS AND BURSITIS WITHOUT MCC",0.8784,0.8784,3.1
559,Yes,No,08,MED,"AFTERCARE, MUSCULOSKELETAL SYSTEM AND CONNECTIVE TISSUE WITH MCC",1.8505,1.8505,5.1
560,Yes,No,08,MED,"AFTERCARE, MUSCULOSKELETAL SYSTEM AND CONNECTIVE TISSUE WITH CC",1.1321,1.1321,3.9
561,Yes,No,08,MED,"AFTERCARE, MUSCULOSKELETAL SYSTEM AND CONNECTIVE TISSUE WITHOUT CC/MCC",0.7802,0.7802,2.7
562,Yes,No,08,MED,"FRACTURE, SPRAIN, STRAIN AND DISLOCATION EXCEPT FEMUR, HIP, PELVIS AND THIGH WITH MCC",1.5207,1.5207,4.3
563,Yes,No,08,MED,"FRACTURE, SPRAIN, STRAIN AND DISLOCATION EXCEPT FEMUR, HIP, PELVIS AND THIGH WITHOUT MCC",0.8956,0.8956,2.8
564,No,No,08,MED,OTHER MUSCULOSKELETAL SYSTEM AND CONNECTIVE TISSUE DIAGNOSES WITH MCC,1.5619,1.5619,5.0
565,No,No,08,MED,OTHER MUSCULOSKELETAL SYSTEM AND CONNECTIVE TISSUE DIAGNOSES WITH CC,0.9994,0.9994,3.3
566,No,No,08,MED,OTHER MUSCULOSKELETAL SYSTEM AND CONNECTIVE TISSUE DIAGNOSES WITHOUT CC/MCC,0.7505,0.7505,2.4
570,Yes,No,09,SURG,SKIN DEBRIDEMENT WITH MCC,2.9222,2.9222,7.9
571,Yes,No,09,SURG,SKIN DEBRIDEMENT WITH CC,1.6919,1.6919,5.1
572,Yes,No,09,SURG,SKIN DEBRIDEMENT WITHOUT CC/MCC,1.1396,1.1396,3.0
573,Yes,No,09,SURG,SKIN GRAFT FOR SKIN ULCER OR CELLULITIS WITH MCC,6.2181,6.2181,12.2
574,Yes,No,09,SURG,SKIN GRAFT FOR SKIN ULCER OR CELLULITIS WITH CC,3.4058,3.4058,8.0
575,Yes,No,09,SURG,SKIN GRAFT FOR SKIN ULCER OR CELLULITIS WITHOUT CC/MCC,2.0460,2.0460,4.4
576,No,No,09,SURG,SKIN GRAFT EXCEPT FOR SKIN ULCER OR CELLULITIS WITH MCC,5.6831,5.6831,9.3
577,No,No,09,SURG,SKIN GRAFT EXCEPT FOR SKIN ULCER OR CELLULITIS WITH CC,2.6491,2.6491,4.6
578,No,No,09,SURG,SKIN GRAFT EXCEPT FOR SKIN ULCER OR CELLULITIS WITHOUT CC/MCC,1.6105,1.6105,2.6
579,Yes,No,09,SURG,"OTHER SKIN, SUBCUTANEOUS TISSUE AND BREAST PROCEDURES WITH MCC",3.3422,3.3422,8.0
580,Yes,No,09,SURG,"OTHER SKIN, SUBCUTANEOUS TISSUE AND BREAST PROCEDURES WITH CC",1.7466,1.7466,4.1
581,Yes,No,09,SURG,"OTHER SKIN, SUBCUTANEOUS TISSUE AND BREAST PROCEDURES WITHOUT CC/MCC",1.3467,1.3467,2.1
582,No,No,09,SURG,MASTECTOMY FOR MALIGNANCY WITH CC/MCC,1.6671,1.7413,2.4
583,No,No,09,SURG,MASTECTOMY FOR MALIGNANCY WITHOUT CC/MCC,1.5219,1.5219,1.7
584,No,No,09,SURG,"BREAST BIOPSY, LOCAL EXCISION AND OTHER BREAST PROCEDURES WITH CC/MCC",1.9586,1.9586,3.5
585,No,No,09,SURG,"BREAST BIOPSY, LOCAL EXCISION AND OTHER BREAST PROCEDURES WITHOUT CC/MCC",1.6840,1.6840,2.1
592,Yes,No,09,MED,SKIN ULCERS WITH MCC,2.0901,2.0901,5.9
593,Yes,No,09,MED,SKIN ULCERS WITH CC,1.2099,1.2099,4.3
594,Yes,No,09,MED,SKIN ULCERS WITHOUT CC/MCC,0.7874,0.7874,3.1
595,No,No,09,MED,MAJOR SKIN DISORDERS WITH MCC,2.1750,2.1750,5.7
596,No,No,09,MED,MAJOR SKIN DISORDERS WITHOUT MCC,1.0090,1.0090,3.5
597,No,No,09,MED,MALIGNANT BREAST DISORDERS WITH MCC,1.6005,1.6005,4.7
598,No,No,09,MED,MALIGNANT BREAST DISORDERS WITH CC,1.1988,1.1988,3.4
599,No,No,09,MED,MALIGNANT BREAST DISORDERS WITHOUT CC/MCC,0.6214,0.6728,1.9
600,No,No,09,MED,NON-MALIGNANT BREAST DISORDERS WITH CC/MCC,1.0255,1.0255,3.4
601,No,No,09,MED,NON-MALIGNANT BREAST DISORDERS WITHOUT CC/MCC,0.6226,0.6335,2.5
602,Yes,No,09,MED,CELLULITIS WITH MCC,1.4875,1.4875,4.8
603,Yes,No,09,MED,CELLULITIS WITHOUT MCC,0.8847,0.8847,3.2
604,No,No,09,MED,"TRAUMA TO THE SKIN, SUBCUTANEOUS TISSUE AND BREAST WITH MCC",1.5062,1.5062,3.9
605,No,No,09,MED,"TRAUMA TO THE SKIN, SUBCUTANEOUS TISSUE AND BREAST WITHOUT MCC",0.9088,0.9088,2.6
606,No,No,09,MED,MINOR SKIN DISORDERS WITH MCC,1.5858,1.5858,4.7
607,No,No,09,MED,MINOR SKIN DISORDERS WITHOUT MCC,0.8935,0.8935,3.0
614,No,No,10,SURG,ADRENAL AND PITUITARY PROCEDURES WITH CC/MCC,2.2524,2.2524,2.8
615,No,No,10,SURG,ADRENAL AND PITUITARY PROCEDURES WITHOUT CC/MCC,1.4711,1.4711,1.6
616,Yes,No,10,SURG,"AMPUTATION OF LOWER LIMB FOR ENDOCRINE, NUTRITIONAL AND METABOLIC DISORDERS WITH MCC",3.9577,3.9577,10.1
617,Yes,No,10,SURG,"AMPUTATION OF LOWER LIMB FOR ENDOCRINE, NUTRITIONAL AND METABOLIC DISORDERS WITH CC",1.9845,1.9845,5.8
618,Yes,No,10,SURG,"AMPUTATION OF LOWER LIMB FOR ENDOCRINE, NUTRITIONAL AND METABOLIC DISORDERS WITHOUT CC/MCC",1.1615,1.1615,3.4
619,No,No,10,SURG,O.R. PROCEDURES FOR OBESITY WITH MCC,2.5885,2.6025,2.6
620,No,No,10,SURG,O.R. PROCEDURES FOR OBESITY WITH CC,1.6222,1.6222,1.6
621,No,No,10,SURG,O.R. PROCEDURES FOR OBESITY WITHOUT CC/MCC,1.5173,1.5173,1.3
622,Yes,No,10,SURG,"SKIN GRAFTS AND WOUND DEBRIDEMENT FOR ENDOCRINE, NUTRITIONAL AND METABOLIC DISORDERS WITH MCC",3.8256,3.8256,9.3
623,Yes,No,10,SURG,"SKIN GRAFTS AND WOUND DEBRIDEMENT FOR ENDOCRINE, NUTRITIONAL AND METABOLIC DISORDERS WITH CC",1.8614,1.8614,5.4
624,Yes,No,10,SURG,"SKIN GRAFTS AND WOUND DEBRIDEMENT FOR ENDOCRINE, NUTRITIONAL AND METABOLIC DISORDERS WITHOUT CC/MCC",1.1145,1.1145,2.9
625,No,No,10,SURG,"THYROID, PARATHYROID AND THYROGLOSSAL PROCEDURES WITH MCC",2.9212,2.9212,5.1
626,No,No,10,SURG,"THYROID, PARATHYROID AND THYROGLOSSAL PROCEDURES WITH CC",1.4919,1.4919,2.0
627,No,No,10,SURG,"THYROID, PARATHYROID AND THYROGLOSSAL PROCEDURES WITHOUT CC/MCC",1.2360,1.2360,1.3
628,Yes,No,10,SURG,"OTHER ENDOCRINE, NUTRITIONAL AND METABOLIC O.R. PROCEDURES WITH MCC",4.0145,4.0145,8.4
629,Yes,No,10,SURG,"OTHER ENDOCRINE, NUTRITIONAL AND METABOLIC O.R. PROCEDURES WITH CC",2.2628,2.2628,6.2
630,Yes,No,10,SURG,"OTHER ENDOCRINE, NUTRITIONAL AND METABOLIC O.R. PROCEDURES WITHOUT CC/MCC",1.3963,1.3963,2.1
637,Yes,No,10,MED,DIABETES WITH MCC,1.4493,1.4493,4.1
638,Yes,No,10,MED,DIABETES WITH CC,0.8994,0.8994,3.0
639,Yes,No,10,MED,DIABETES WITHOUT CC/MCC,0.6225,0.6225,2.1
640,Yes,No,10,MED,"MISCELLANEOUS DISORDERS OF NUTRITION, METABOLISM, FLUIDS AND ELECTROLYTES WITH MCC",1.3152,1.3152,3.6
641,Yes,No,10,MED,"MISCELLANEOUS DISORDERS OF NUTRITION, METABOLISM, FLUIDS AND ELECTROLYTES WITHOUT MCC",0.7814,0.7814,2.6
642,No,No,10,MED,INBORN AND OTHER DISORDERS OF METABOLISM,1.3033,1.3033,3.4
643,Yes,No,10,MED,ENDOCRINE DISORDERS WITH MCC,1.6451,1.6451,5.1
644,Yes,No,10,MED,ENDOCRINE DISORDERS WITH CC,1.0617,1.0617,3.6
645,Yes,No,10,MED,ENDOCRINE DISORDERS WITHOUT CC/MCC,0.7609,0.7609,2.7
650,No,No,11,SURG,KIDNEY TRANSPLANT WITH HEMODIALYSIS WITH MCC,4.4975,4.4975,6.4
651,No,No,11,SURG,KIDNEY TRANSPLANT WITH HEMODIALYSIS WITHOUT MCC,3.4584,3.4584,5.4
652,No,No,11,SURG,KIDNEY TRANSPLANT,3.0044,3.0044,4.4
653,Yes,No,11,SURG,MAJOR BLADDER PROCEDURES WITH MCC,5.4136,5.4136,10.1
654,Yes,No,11,SURG,MAJOR BLADDER PROCEDURES WITH CC,2.7375,2.7375,5.3
655,Yes,No,11,SURG,MAJOR BLADDER PROCEDURES WITHOUT CC/MCC,2.1078,2.1078,3.3
656,No,No,11,SURG,KIDNEY AND URETER PROCEDURES FOR NEOPLASM WITH MCC,3.1376,3.1376,5.2
657,No,No,11,SURG,KIDNEY AND URETER PROCEDURES FOR NEOPLASM WITH CC,1.8442,1.8442,2.8
658,No,No,11,SURG,KIDNEY AND URETER PROCEDURES FOR NEOPLASM WITHOUT CC/MCC,1.4804,1.4804,1.7
659,Yes,No,11,SURG,KIDNEY AND URETER PROCEDURES FOR NON-NEOPLASM WITH MCC,2.5889,2.5889,5.9
660,Yes,No,11,SURG,KIDNEY AND URETER PROCEDURES FOR NON-NEOPLASM WITH CC,1.3459,1.3459,2.9
661,Yes,No,11,SURG,KIDNEY AND URETER PROCEDURES FOR NON-NEOPLASM WITHOUT CC/MCC,1.0484,1.0484,1.8
662,No,No,11,SURG,MINOR BLADDER PROCEDURES WITH MCC,2.9967,2.9967,7.1
663,No,No,11,SURG,MINOR BLADDER PROCEDURES WITH CC,1.4590,1.4590,3.5
664,No,No,11,SURG,MINOR BLADDER PROCEDURES WITHOUT CC/MCC,1.0616,1.0616,1.8
665,No,No,11,SURG,PROSTATECTOMY WITH MCC,3.0891,3.0891,7.9
666,No,No,11,SURG,PROSTATECTOMY WITH CC,1.7174,1.7174,3.8
667,No,No,11,SURG,PROSTATECTOMY WITHOUT CC/MCC,1.0496,1.0496,2.0
668,No,No,11,SURG,TRANSURETHRAL PROCEDURES WITH MCC,2.8180,2.8180,7.2
669,No,No,11,SURG,TRANSURETHRAL PROCEDURES WITH CC,1.5346,1.5346,3.8
670,No,No,11,SURG,TRANSURETHRAL PROCEDURES WITHOUT CC/MCC,0.9626,0.9626,2.0
671,No,No,11,SURG,URETHRAL PROCEDURES WITH CC/MCC,1.7119,1.7119,3.9
672,No,No,11,SURG,URETHRAL PROCEDURES WITHOUT CC/MCC,0.9227,0.9375,1.5
673,No,No,11,SURG,OTHER KIDNEY AND URINARY TRACT PROCEDURES WITH MCC,3.6980,3.6980,8.8
674,No,No,11,SURG,OTHER KIDNEY AND URINARY TRACT PROCEDURES WITH CC,2.3822,2.3822,6.1
675,No,No,11,SURG,OTHER KIDNEY AND URINARY TRACT PROCEDURES WITHOUT CC/MCC,1.5865,1.5865,2.7
682,Yes,No,11,MED,RENAL FAILURE WITH MCC,1.5008,1.5008,4.4
683,Yes,No,11,MED,RENAL FAILURE WITH CC,0.9008,0.9008,3.1
684,Yes,No,11,MED,RENAL FAILURE WITHOUT CC/MCC,0.6085,0.6085,2.2
686,No,No,11,MED,KIDNEY AND URINARY TRACT NEOPLASMS WITH MCC,1.8394,1.8394,5.3
687,No,No,11,MED,KIDNEY AND URINARY TRACT NEOPLASMS WITH CC,1.0453,1.0453,3.3
688,No,No,11,MED,KIDNEY AND URINARY TRACT NEOPLASMS WITHOUT CC/MCC,0.7809,0.7809,1.9
689,Yes,No,11,MED,KIDNEY AND URINARY TRACT INFECTIONS WITH MCC,1.1744,1.1744,3.9
690,Yes,No,11,MED,KIDNEY AND URINARY TRACT INFECTIONS WITHOUT MCC,0.8069,0.8069,2.9
693,No,No,11,MED,URINARY STONES WITH MCC,1.4163,1.4163,3.8
694,No,No,11,MED,URINARY STONES WITHOUT MCC,0.7827,0.7827,2.1
695,No,No,11,MED,KIDNEY AND URINARY TRACT SIGNS AND SYMPTOMS WITH MCC,1.1960,1.1960,3.7
696,No,No,11,MED,KIDNEY AND URINARY TRACT SIGNS AND SYMPTOMS WITHOUT MCC,0.6921,0.6921,2.3
697,No,No,11,MED,URETHRAL STRICTURE,1.1131,1.1131,2.7
698,Yes,No,11,MED,OTHER KIDNEY AND URINARY TRACT DIAGNOSES WITH MCC,1.6544,1.6544,4.9
699,Yes,No,11,MED,OTHER KIDNEY AND URINARY TRACT DIAGNOSES WITH CC,1.0208,1.0208,3.3
700,Yes,No,11,MED,OTHER KIDNEY AND URINARY TRACT DIAGNOSES WITHOUT CC/MCC,0.7083,0.7083,2.3
707,No,No,12,SURG,MAJOR MALE PELVIC PROCEDURES WITH CC/MCC,1.9619,1.9619,2.2
708,No,No,12,SURG,MAJOR MALE PELVIC PROCEDURES WITHOUT CC/MCC,1.4585,1.4585,1.4
709,No,No,12,SURG,PENIS PROCEDURES WITH CC/MCC,2.1200,2.1708,4.3
710,No,No,12,SURG,PENIS PROCEDURES WITHOUT CC/MCC,1.2343,1.2973,1.7
711,No,No,12,SURG,TESTES PROCEDURES WITH CC/MCC,2.1229,2.1229,5.1
712,No,No,12,SURG,TESTES PROCEDURES WITHOUT CC/MCC,1.1884,1.1884,2.6
713,No,No,12,SURG,TRANSURETHRAL PROSTATECTOMY WITH CC/MCC,1.4507,1.4507,2.6
714,No,No,12,SURG,TRANSURETHRAL PROSTATECTOMY WITHOUT CC/MCC,0.9585,0.9585,1.5
715,No,No,12,SURG,OTHER MALE REPRODUCTIVE SYSTEM O.R. PROCEDURES FOR MALIGNANCY WITH CC/MCC,2.2075,2.2075,5.4
716,No,No,12,SURG,OTHER MALE REPRODUCTIVE SYSTEM O.R. PROCEDURES FOR MALIGNANCY WITHOUT CC/MCC,1.4222,1.4222,1.5
717,No,No,12,SURG,OTHER MALE REPRODUCTIVE SYSTEM O.R. PROCEDURES EXCEPT MALIGNANCY WITH CC/MCC,1.8137,1.8137,3.5
718,No,No,12,SURG,OTHER MALE REPRODUCTIVE SYSTEM O.R. PROCEDURES EXCEPT MALIGNANCY WITHOUT CC/MCC,1.1758,1.1758,1.8
722,No,No,12,MED,"MALIGNANCY, MALE REPRODUCTIVE SYSTEM WITH MCC",1.8748,1.8748,5.5
723,No,No,12,MED,"MALIGNANCY, MALE REPRODUCTIVE SYSTEM WITH CC",1.1143,1.1143,3.5
724,No,No,12,MED,"MALIGNANCY, MALE REPRODUCTIVE SYSTEM WITHOUT CC/MCC",0.8095,0.8095,2.0
725,No,No,12,MED,BENIGN PROSTATIC HYPERTROPHY WITH MCC,1.2409,1.2409,4.1
726,No,No,12,MED,BENIGN PROSTATIC HYPERTROPHY WITHOUT MCC,0.7309,0.7309,2.4
727,No,No,12,MED,INFLAMMATION OF THE MALE REPRODUCTIVE SYSTEM WITH MCC,1.6210,1.6210,4.9
728,No,No,12,MED,INFLAMMATION OF THE MALE REPRODUCTIVE SYSTEM WITHOUT MCC,0.8001,0.8001,2.9
729,No,No,12,MED,OTHER MALE REPRODUCTIVE SYSTEM DIAGNOSES WITH CC/MCC,1.0039,1.0039,3.0
730,No,No,12,MED,OTHER MALE REPRODUCTIVE SYSTEM DIAGNOSES WITHOUT CC/MCC,0.6216,0.6216,1.9
734,No,No,13,SURG,"PELVIC EVISCERATION, RADICAL HYSTERECTOMY AND RADICAL VULVECTOMY WITH CC/MCC",2.1736,2.1736,3.4
735,No,No,13,SURG,"PELVIC EVISCERATION, RADICAL HYSTERECTOMY AND RADICAL VULVECTOMY WITHOUT CC/MCC",1.2602,1.2602,1.6
736,No,No,13,SURG,UTERINE AND ADNEXA PROCEDURES FOR OVARIAN OR ADNEXAL MALIGNANCY WITH MCC,3.8872,3.8872,7.9
737,No,No,13,SURG,UTERINE AND ADNEXA PROCEDURES FOR OVARIAN OR ADNEXAL MALIGNANCY WITH CC,1.9738,1.9738,3.9
738,No,No,13,SURG,UTERINE AND ADNEXA PROCEDURES FOR OVARIAN OR ADNEXAL MALIGNANCY WITHOUT CC/MCC,1.3646,1.3646,2.3
739,No,No,13,SURG,UTERINE AND ADNEXA PROCEDURES FOR NON-OVARIAN AND NON-ADNEXAL MALIGNANCY WITH MCC,3.6163,3.6163,6.3
740,No,No,13,SURG,UTERINE AND ADNEXA PROCEDURES FOR NON-OVARIAN AND NON-ADNEXAL MALIGNANCY WITH CC,1.7870,1.7870,2.7
741,No,No,13,SURG,UTERINE AND ADNEXA PROCEDURES FOR NON-OVARIAN AND NON-ADNEXAL MALIGNANCY WITHOUT CC/MCC,1.2993,1.2993,1.6
742,No,No,13,SURG,UTERINE AND ADNEXA PROCEDURES FOR NON-MALIGNANCY WITH CC/MCC,1.7819,1.7819,2.7
743,No,No,13,SURG,UTERINE AND ADNEXA PROCEDURES FOR NON-MALIGNANCY WITHOUT CC/MCC,1.1620,1.1620,1.6
744,No,No,13,SURG,"D&C, CONIZATION, LAPAROSCOPY AND TUBAL INTERRUPTION WITH CC/MCC",1.8824,1.8824,4.6
745,No,No,13,SURG,"D&C, CONIZATION, LAPAROSCOPY AND TUBAL INTERRUPTION WITHOUT CC/MCC",1.0359,1.0359,1.9
746,No,No,13,SURG,"VAGINA, CERVIX AND VULVA PROCEDURES WITH CC/MCC",1.6761,1.6761,3.3
747,No,No,13,SURG,"VAGINA, CERVIX AND VULVA PROCEDURES WITHOUT CC/MCC",0.8872,0.8872,1.4
748,No,No,13,SURG,FEMALE REPRODUCTIVE SYSTEM RECONSTRUCTIVE PROCEDURES,1.4049,1.4049,1.4
749,No,No,13,SURG,OTHER FEMALE REPRODUCTIVE SYSTEM O.R. PROCEDURES WITH CC/MCC,2.5172,2.5172,5.5
750,No,No,13,SURG,OTHER FEMALE REPRODUCTIVE SYSTEM O.R. PROCEDURES WITHOUT CC/MCC,1.3600,1.3600,2.0
754,No,No,13,MED,"MALIGNANCY, FEMALE REPRODUCTIVE SYSTEM WITH MCC",1.8525,1.8525,5.1
755,No,No,13,MED,"MALIGNANCY, FEMALE REPRODUCTIVE SYSTEM WITH CC",1.0847,1.0847,3.3
756,No,No,13,MED,"MALIGNANCY, FEMALE REPRODUCTIVE SYSTEM WITHOUT CC/MCC",0.9897,0.9897,2.2
757,No,No,13,MED,"INFECTIONS, FEMALE REPRODUCTIVE SYSTEM WITH MCC",1.4916,1.4916,5.0
758,No,No,13,MED,"INFECTIONS, FEMALE REPRODUCTIVE SYSTEM WITH CC",0.9926,0.9926,3.7
759,No,No,13,MED,"INFECTIONS, FEMALE REPRODUCTIVE SYSTEM WITHOUT CC/MCC",0.6462,0.6462,2.6
760,No,No,13,MED,MENSTRUAL AND OTHER FEMALE REPRODUCTIVE SYSTEM DISORDERS WITH CC/MCC,0.9954,0.9954,2.8
761,No,No,13,MED,MENSTRUAL AND OTHER FEMALE REPRODUCTIVE SYSTEM DISORDERS WITHOUT CC/MCC,0.6056,0.6056,1.8
768,No,No,14,SURG,VAGINAL DELIVERY WITH O.R. PROCEDURES EXCEPT STERILIZATION AND/OR D&C,1.2181,1.2181,3.2
769,No,No,14,SURG,POSTPARTUM AND POST ABORTION DIAGNOSES WITH O.R. PROCEDURES,1.5439,1.5439,3.3
770,No,No,14,SURG,"ABORTION WITH D&C, ASPIRATION CURETTAGE OR HYSTEROTOMY",0.7987,0.7987,1.7
776,No,No,14,MED,POSTPARTUM AND POST ABORTION DIAGNOSES WITHOUT O.R. PROCEDURES,0.7167,0.7167,2.4
779,No,No,14,MED,ABORTION WITHOUT D&C,0.9892,0.9892,1.8
783,No,No,14,SURG,CESAREAN SECTION WITH STERILIZATION WITH MCC,1.7718,1.7718,4.5
784,No,No,14,SURG,CESAREAN SECTION WITH STERILIZATION WITH CC,1.0241,1.0241,3.1
785,No,No,14,SURG,CESAREAN SECTION WITH STERILIZATION WITHOUT CC/MCC,0.8663,0.8663,2.5
786,No,No,14,SURG,CESAREAN SECTION WITHOUT STERILIZATION WITH MCC,1.7495,1.7495,4.3
787,No,No,14,SURG,CESAREAN SECTION WITHOUT STERILIZATION WITH CC,1.0511,1.0511,3.3
788,No,No,14,SURG,CESAREAN SECTION WITHOUT STERILIZATION WITHOUT CC/MCC,0.8550,0.8550,2.7
789,No,No,15,MED,"NEONATES, DIED OR TRANSFERRED TO ANOTHER ACUTE CARE FACILITY",1.8194,1.8194,1.8
790,No,No,15,MED,"EXTREME IMMATURITY OR RESPIRATORY DISTRESS SYNDROME, NEONATE",6.0001,6.0001,17.9
791,No,No,15,MED,PREMATURITY WITH MAJOR PROBLEMS,4.0977,4.0977,13.3
792,No,No,15,MED,PREMATURITY WITHOUT MAJOR PROBLEMS,2.4725,2.4725,8.6
793,No,No,15,MED,FULL TERM NEONATE WITH MAJOR PROBLEMS,4.2093,4.2093,4.7
794,No,No,15,MED,NEONATE WITH OTHER SIGNIFICANT PROBLEMS,1.4899,1.4899,3.4
795,No,No,15,MED,NORMAL NEWBORN,0.2017,0.2017,3.1
796,No,No,14,SURG,VAGINAL DELIVERY WITH STERILIZATION AND/OR D&C WITH MCC,1.4184,1.4184,2.5
797,No,No,14,SURG,VAGINAL DELIVERY WITH STERILIZATION AND/OR D&C WITH CC,0.9959,0.9959,2.4
798,No,No,14,SURG,VAGINAL DELIVERY WITH STERILIZATION AND/OR D&C WITHOUT CC/MCC,0.8112,0.8351,2.0
799,No,No,16,SURG,SPLENIC PROCEDURES WITH MCC,4.9546,4.9546,7.7
800,No,No,16,SURG,SPLENIC PROCEDURES WITH CC,2.8177,2.8177,4.2
801,No,No,16,SURG,SPLENIC PROCEDURES WITHOUT CC/MCC,1.7897,1.7897,2.3
802,No,No,16,SURG,OTHER O.R. PROCEDURES OF THE BLOOD AND BLOOD FORMING ORGANS WITH MCC,3.3903,3.4308,7.7
803,No,No,16,SURG,OTHER O.R. PROCEDURES OF THE BLOOD AND BLOOD FORMING ORGANS WITH CC,1.8582,1.8582,3.8
804,No,No,16,SURG,OTHER O.R. PROCEDURES OF THE BLOOD AND BLOOD FORMING ORGANS WITHOUT CC/MCC,1.2104,1.2104,1.7
805,No,No,14,MED,VAGINAL DELIVERY WITHOUT STERILIZATION OR D&C WITH MCC,1.0082,1.0082,2.8
806,No,No,14,MED,VAGINAL DELIVERY WITHOUT STERILIZATION OR D&C WITH CC,0.7467,0.7467,2.3
807,No,No,14,MED,VAGINAL DELIVERY WITHOUT STERILIZATION OR D&C WITHOUT CC/MCC,0.6543,0.6543,2.0
808,No,No,16,MED,MAJOR HEMATOLOGICAL AND IMMUNOLOGICAL DIAGNOSES EXCEPT SICKLE CELL CRISIS AND COAGULATION DISORDERS WITH MCC,2.1901,2.1901,5.3
809,No,No,16,MED,MAJOR HEMATOLOGICAL AND IMMUNOLOGICAL DIAGNOSES EXCEPT SICKLE CELL CRISIS AND COAGULATION DISORDERS WITH CC,1.2044,1.2044,3.4
810,No,No,16,MED,MAJOR HEMATOLOGICAL AND IMMUNOLOGICAL DIAGNOSES EXCEPT SICKLE CELL CRISIS AND COAGULATION DISORDERS WITHOUT CC/MCC,1.0045,1.0045,2.5
811,No,No,16,MED,RED BLOOD CELL DISORDERS WITH MCC,1.4036,1.4036,3.8
812,No,No,16,MED,RED BLOOD CELL DISORDERS WITHOUT MCC,0.9007,0.9007,2.8
813,No,No,16,MED,COAGULATION DISORDERS,1.5600,1.5600,3.7
814,No,No,16,MED,RETICULOENDOTHELIAL AND IMMUNITY DISORDERS WITH MCC,2.1281,2.1281,4.8
815,No,No,16,MED,RETICULOENDOTHELIAL AND IMMUNITY DISORDERS WITH CC,0.9942,0.9942,3.0
816,No,No,16,MED,RETICULOENDOTHELIAL AND IMMUNITY DISORDERS WITHOUT CC/MCC,0.7102,0.7102,2.3
817,No,No,14,SURG,OTHER ANTEPARTUM DIAGNOSES WITH O.R. PROCEDURES WITH MCC,2.2550,2.8168,4.3
818,No,No,14,SURG,OTHER ANTEPARTUM DIAGNOSES WITH O.R. PROCEDURES WITH CC,1.1731,1.4311,2.4
819,No,No,14,SURG,OTHER ANTEPARTUM DIAGNOSES WITH O.R. PROCEDURES WITHOUT CC/MCC,0.9072,0.9072,1.9
820,No,No,17,SURG,LYMPHOMA AND LEUKEMIA WITH MAJOR O.R. PROCEDURES WITH MCC,6.0467,6.0467,11.9
821,No,No,17,SURG,LYMPHOMA AND LEUKEMIA WITH MAJOR O.R. PROCEDURES WITH CC,2.2321,2.2321,3.6
822,No,No,17,SURG,LYMPHOMA AND LEUKEMIA WITH MAJOR O.R. PROCEDURES WITHOUT CC/MCC,1.2388,1.2388,1.6
823,No,No,17,SURG,LYMPHOMA AND NON-ACUTE LEUKEMIA WITH OTHER PROCEDURES WITH MCC,4.5019,4.5019,10.5
824,No,No,17,SURG,LYMPHOMA AND NON-ACUTE LEUKEMIA WITH OTHER PROCEDURES WITH CC,2.2329,2.2329,5.1
825,No,No,17,SURG,LYMPHOMA AND NON-ACUTE LEUKEMIA WITH OTHER PROCEDURES WITHOUT CC/MCC,1.2914,1.2914,2.2
826,No,No,17,SURG,MYELOPROLIFERATIVE DISORDERS OR POORLY DIFFERENTIATED NEOPLASMS WITH MAJOR O.R. PROCEDURES WITH MCC,4.3888,4.6277,8.7
827,No,No,17,SURG,MYELOPROLIFERATIVE DISORDERS OR POORLY DIFFERENTIATED NEOPLASMS WITH MAJOR O.R. PROCEDURES WITH CC,2.3172,2.3172,4.2
828,No,No,17,SURG,MYELOPROLIFERATIVE DISORDERS OR POORLY DIFFERENTIATED NEOPLASMS WITH MAJOR O.R. PROCEDURES WITHOUT CC/MCC,1.6404,1.6404,2.5
829,No,No,17,SURG,MYELOPROLIFERATIVE DISORDERS OR POORLY DIFFERENTIATED NEOPLASMS WITH OTHER PROCEDURES WITH CC/MCC,3.1538,3.1538,6.1
830,No,No,17,SURG,MYELOPROLIFERATIVE DISORDERS OR POORLY DIFFERENTIATED NEOPLASMS WITH OTHER PROCEDURES WITHOUT CC/MCC,1.5812,1.5812,2.4
831,No,No,14,MED,OTHER ANTEPARTUM DIAGNOSES WITHOUT O.R. PROCEDURES WITH MCC,1.0098,1.0753,3.3
832,No,No,14,MED,OTHER ANTEPARTUM DIAGNOSES WITHOUT O.R. PROCEDURES WITH CC,0.7377,0.7377,2.5
833,No,No,14,MED,OTHER ANTEPARTUM DIAGNOSES WITHOUT O.R. PROCEDURES WITHOUT CC/MCC,0.5118,0.5118,1.9
834,No,No,17,MED,ACUTE LEUKEMIA WITHOUT MAJOR O.R. PROCEDURES WITH MCC,5.5990,5.5990,9.9
835,No,No,17,MED,ACUTE LEUKEMIA WITHOUT MAJOR O.R. PROCEDURES WITH CC,2.2355,2.2355,4.6
836,No,No,17,MED,ACUTE LEUKEMIA WITHOUT MAJOR O.R. PROCEDURES WITHOUT CC/MCC,1.1973,1.4119,2.7
837,No,No,17,MED,CHEMOTHERAPY WITH ACUTE LEUKEMIA AS SECONDARY DIAGNOSIS OR WITH HIGH DOSE CHEMOTHERAPY AGENT WITH MCC,4.7566,4.8440,10.9
838,No,No,17,MED,CHEMOTHERAPY WITH ACUTE LEUKEMIA AS SECONDARY DIAGNOSIS WITH CC OR HIGH DOSE CHEMOTHERAPY AGENT,1.9524,2.0017,5.1
839,No,No,17,MED,CHEMOTHERAPY WITH ACUTE LEUKEMIA AS SECONDARY DIAGNOSIS WITHOUT CC/MCC,1.3031,1.3031,4.2
840,Yes,No,17,MED,LYMPHOMA AND NON-ACUTE LEUKEMIA WITH MCC,3.1252,3.1252,6.8
841,Yes,No,17,MED,LYMPHOMA AND NON-ACUTE LEUKEMIA WITH CC,1.5735,1.5735,4.0
842,Yes,No,17,MED,LYMPHOMA AND NON-ACUTE LEUKEMIA WITHOUT CC/MCC,1.0664,1.0664,2.7
843,No,No,17,MED,OTHER MYELOPROLIFERATIVE DISORDERS OR POORLY DIFFERENTIATED NEOPLASTIC DIAGNOSES WITH MCC,1.8606,1.8606,5.4
844,No,No,17,MED,OTHER MYELOPROLIFERATIVE DISORDERS OR POORLY DIFFERENTIATED NEOPLASTIC DIAGNOSES WITH CC,1.1572,1.1572,3.7
845,No,No,17,MED,OTHER MYELOPROLIFERATIVE DISORDERS OR POORLY DIFFERENTIATED NEOPLASTIC DIAGNOSES WITHOUT CC/MCC,0.8649,0.8649,2.7
846,No,No,17,MED,CHEMOTHERAPY WITHOUT ACUTE LEUKEMIA AS SECONDARY DIAGNOSIS WITH MCC,2.4440,2.4440,5.8
847,No,No,17,MED,CHEMOTHERAPY WITHOUT ACUTE LEUKEMIA AS SECONDARY DIAGNOSIS WITH CC,1.2126,1.2126,3.7
848,No,No,17,MED,CHEMOTHERAPY WITHOUT ACUTE LEUKEMIA AS SECONDARY DIAGNOSIS WITHOUT CC/MCC,0.7595,0.8362,2.7
849,No,No,17,MED,RADIOTHERAPY,2.6914,2.6914,6.9
853,Yes,No,18,SURG,INFECTIOUS AND PARASITIC DISEASES WITH O.R. PROCEDURES WITH MCC,4.9993,4.9993,9.9
854,Yes,No,18,SURG,INFECTIOUS AND PARASITIC DISEASES WITH O.R. PROCEDURES WITH CC,2.0382,2.0382,5.2
855,Yes,No,18,SURG,INFECTIOUS AND PARASITIC DISEASES WITH O.R. PROCEDURES WITHOUT CC/MCC,1.7018,1.7018,3.7
856,Yes,No,18,SURG,POSTOPERATIVE OR POST-TRAUMATIC INFECTIONS WITH O.R. PROCEDURES WITH MCC,4.4284,4.4284,9.4
857,Yes,No,18,SURG,POSTOPERATIVE OR POST-TRAUMATIC INFECTIONS WITH O.R. PROCEDURES WITH CC,2.1357,2.1357,5.4
858,Yes,No,18,SURG,POSTOPERATIVE OR POST-TRAUMATIC INFECTIONS WITH O.R. PROCEDURES WITHOUT CC/MCC,1.2834,1.2834,3.4
862,Yes,No,18,MED,POSTOPERATIVE AND POST-TRAUMATIC INFECTIONS WITH MCC,1.8420,1.8420,5.1
863,Yes,No,18,MED,POSTOPERATIVE AND POST-TRAUMATIC INFECTIONS WITHOUT MCC,1.0055,1.0055,3.5
864,No,No,18,MED,FEVER AND INFLAMMATORY CONDITIONS,0.8828,0.8828,2.7
865,No,No,18,MED,VIRAL ILLNESS WITH MCC,1.6399,1.6399,4.3
866,No,No,18,MED,VIRAL ILLNESS WITHOUT MCC,0.9177,0.9177,2.8
867,Yes,No,18,MED,OTHER INFECTIOUS AND PARASITIC DISEASES DIAGNOSES WITH MCC,2.0923,2.0923,5.5
868,Yes,No,18,MED,OTHER INFECTIOUS AND PARASITIC DISEASES DIAGNOSES WITH CC,1.0855,1.0855,3.7
869,Yes,No,18,MED,OTHER INFECTIOUS AND PARASITIC DISEASES DIAGNOSES WITHOUT CC/MCC,0.6907,0.6907,2.5
870,Yes,No,18,MED,SEPTICEMIA OR SEVERE SEPSIS WITH MV >96 HOURS,6.9649,6.9649,13.5
871,Yes,No,18,MED,SEPTICEMIA OR SEVERE SEPSIS WITHOUT MV >96 HOURS WITH MCC,1.9826,1.9826,5.1
872,Yes,No,18,MED,SEPTICEMIA OR SEVERE SEPSIS WITHOUT MV >96 HOURS WITHOUT MCC,1.0299,1.0299,3.6
876,No,No,19,SURG,O.R. PROCEDURES WITH PRINCIPAL DIAGNOSIS OF MENTAL ILLNESS,3.7315,3.7315,7.2
880,No,No,19,MED,ACUTE ADJUSTMENT REACTION AND PSYCHOSOCIAL DYSFUNCTION,0.9546,0.9546,2.9
881,No,No,19,MED,DEPRESSIVE NEUROSES,0.9065,0.9065,4.0
882,No,No,19,MED,NEUROSES EXCEPT DEPRESSIVE,0.9393,0.9393,3.5
883,No,No,19,MED,DISORDERS OF PERSONALITY AND IMPULSE CONTROL,1.8754,1.8754,5.4
884,Yes,No,19,MED,ORGANIC DISTURBANCES AND INTELLECTUAL DISABILITY,1.7569,1.7569,5.0
885,No,No,19,MED,PSYCHOSES,1.3664,1.3664,6.4
886,No,No,19,MED,BEHAVIORAL AND DEVELOPMENTAL DISORDERS,1.6817,1.6817,5.4
887,No,No,19,MED,OTHER MENTAL DISORDER DIAGNOSES,1.2956,1.2956,3.3
894,No,No,20,MED,"ALCOHOL, DRUG ABUSE OR DEPENDENCE, LEFT AMA",0.5745,0.5745,2.1
895,No,No,20,MED,"ALCOHOL, DRUG ABUSE OR DEPENDENCE WITH REHABILITATION THERAPY",1.6088,1.6088,8.3
896,Yes,No,20,MED,"ALCOHOL, DRUG ABUSE OR DEPENDENCE WITHOUT REHABILITATION THERAPY WITH MCC",1.7781,1.7781,5.0
897,Yes,No,20,MED,"ALCOHOL, DRUG ABUSE OR DEPENDENCE WITHOUT REHABILITATION THERAPY WITHOUT MCC",0.8556,0.8556,3.4
901,No,No,21,SURG,WOUND DEBRIDEMENTS FOR INJURIES WITH MCC,4.3278,4.3278,9.1
902,No,No,21,SURG,WOUND DEBRIDEMENTS FOR INJURIES WITH CC,1.8847,1.8847,4.6
903,No,No,21,SURG,WOUND DEBRIDEMENTS FOR INJURIES WITHOUT CC/MCC,1.2415,1.2415,2.7
904,No,No,21,SURG,SKIN GRAFTS FOR INJURIES WITH CC/MCC,3.2562,3.2562,6.9
905,No,No,21,SURG,SKIN GRAFTS FOR INJURIES WITHOUT CC/MCC,1.5837,1.5837,3.2
906,No,No,21,SURG,HAND PROCEDURES FOR INJURIES,1.8816,1.8816,2.9
907,Yes,No,21,SURG,OTHER O.R. PROCEDURES FOR INJURIES WITH MCC,3.7195,3.7195,6.9
908,Yes,No,21,SURG,OTHER O.R. PROCEDURES FOR INJURIES WITH CC,2.0041,2.0041,3.8
909,Yes,No,21,SURG,OTHER O.R. PROCEDURES FOR INJURIES WITHOUT CC/MCC,1.3563,1.3563,2.3
913,No,No,21,MED,TRAUMATIC INJURY WITH MCC,1.4945,1.4945,3.9
914,No,No,21,MED,TRAUMATIC INJURY WITHOUT MCC,0.9077,0.9077,2.5
915,No,No,21,MED,ALLERGIC REACTIONS WITH MCC,1.7740,1.7740,3.8
916,No,No,21,MED,ALLERGIC REACTIONS WITHOUT MCC,0.6588,0.6588,1.8
917,Yes,No,21,MED,POISONING AND TOXIC EFFECTS OF DRUGS WITH MCC,1.5959,1.5959,3.9
918,Yes,No,21,MED,POISONING AND TOXIC EFFECTS OF DRUGS WITHOUT MCC,0.8609,0.8609,2.5
919,No,No,21,MED,COMPLICATIONS OF TREATMENT WITH MCC,1.8247,1.8247,4.4
920,No,No,21,MED,COMPLICATIONS OF TREATMENT WITH CC,1.0338,1.0338,2.9
921,No,No,21,MED,COMPLICATIONS OF TREATMENT WITHOUT CC/MCC,0.6978,0.6978,2.1
922,No,No,21,MED,"OTHER INJURY, POISONING AND TOXIC EFFECT DIAGNOSES WITH MCC",1.7449,1.7449,4.5
923,No,No,21,MED,"OTHER INJURY, POISONING AND TOXIC EFFECT DIAGNOSES WITHOUT MCC",1.0114,1.0114,2.9
927,No,No,22,SURG,EXTENSIVE BURNS OR FULL THICKNESS BURNS WITH MV >96 HOURS WITH SKIN GRAFT,26.3587,26.3587,26.4
928,No,No,22,SURG,FULL THICKNESS BURN WITH SKIN GRAFT OR INHALATION INJURY WITH CC/MCC,6.9197,6.9197,12.6
929,No,No,22,SURG,FULL THICKNESS BURN WITH SKIN GRAFT OR INHALATION INJURY WITHOUT CC/MCC,3.2155,3.2155,6.0
933,No,No,22,MED,EXTENSIVE BURNS OR FULL THICKNESS BURNS WITH MV >96 HOURS WITHOUT SKIN GRAFT,3.0320,3.0320,2.5
934,No,No,22,MED,FULL THICKNESS BURN WITHOUT SKIN GRAFT OR INHALATION INJURY,2.0925,2.0925,4.9
935,No,No,22,MED,NON-EXTENSIVE BURNS,2.0411,2.0411,3.7
939,No,No,23,SURG,O.R. PROCEDURES WITH DIAGNOSES OF OTHER CONTACT WITH HEALTH SERVICES WITH MCC,3.2153,3.2153,6.3
940,No,No,23,SURG,O.R. PROCEDURES WITH DIAGNOSES OF OTHER CONTACT WITH HEALTH SERVICES WITH CC,2.1666,2.1666,3.2
941,No,No,23,SURG,O.R. PROCEDURES WITH DIAGNOSES OF OTHER CONTACT WITH HEALTH SERVICES WITHOUT CC/MCC,1.8560,1.8560,1.8
945,Yes,No,23,MED,REHABILITATION WITH CC/MCC,1.5095,1.5095,4.8
946,Yes,No,23,MED,REHABILITATION WITHOUT CC/MCC,1.0127,1.0127,3.2
947,Yes,No,23,MED,SIGNS AND SYMPTOMS WITH MCC,1.2516,1.2516,3.7
948,Yes,No,23,MED,SIGNS AND SYMPTOMS WITHOUT MCC,0.8010,0.8010,2.6
949,No,No,23,MED,AFTERCARE WITH CC/MCC,1.0361,1.0728,4.4
950,No,No,23,MED,AFTERCARE WITHOUT CC/MCC,0.6282,0.6386,2.9
951,No,No,23,MED,OTHER FACTORS INFLUENCING HEALTH STATUS,0.5900,0.5900,1.8
955,No,No,24,SURG,CRANIOTOMY FOR MULTIPLE SIGNIFICANT TRAUMA,6.0902,6.0902,8.3
956,Yes,No,24,SURG,"LIMB REATTACHMENT, HIP AND FEMUR PROCEDURES FOR MULTIPLE SIGNIFICANT TRAUMA",3.8782,3.8782,6.3
957,No,No,24,SURG,OTHER O.R. PROCEDURES FOR MULTIPLE SIGNIFICANT TRAUMA WITH MCC,7.2325,7.2325,10.0
958,No,No,24,SURG,OTHER O.R. PROCEDURES FOR MULTIPLE SIGNIFICANT TRAUMA WITH CC,4.0448,4.0448,6.7
959,No,No,24,SURG,OTHER O.R. PROCEDURES FOR MULTIPLE SIGNIFICANT TRAUMA WITHOUT CC/MCC,2.5324,2.5324,4.0
963,No,No,24,MED,OTHER MULTIPLE SIGNIFICANT TRAUMA WITH MCC,2.7343,2.7343,5.6
964,No,No,24,MED,OTHER MULTIPLE SIGNIFICANT TRAUMA WITH CC,1.5010,1.5010,3.9
965,No,No,24,MED,OTHER MULTIPLE SIGNIFICANT TRAUMA WITHOUT CC/MCC,0.9559,0.9559,2.7
969,No,No,25,SURG,HIV WITH EXTENSIVE O.R. PROCEDURES WITH MCC,6.8726,6.8726,13.4
970,No,No,25,SURG,HIV WITH EXTENSIVE O.R. PROCEDURES WITHOUT MCC,2.4044,2.7796,5.8
974,No,No,25,MED,HIV WITH MAJOR RELATED CONDITION WITH MCC,2.9165,2.9165,7.0
975,No,No,25,MED,HIV WITH MAJOR RELATED CONDITION WITH CC,1.3633,1.3633,4.1
976,No,No,25,MED,HIV WITH MAJOR RELATED CONDITION WITHOUT CC/MCC,0.8453,0.8453,2.8
977,No,No,25,MED,HIV WITH OR WITHOUT OTHER RELATED CONDITION,1.4161,1.4161,3.9
981,Yes,No, ,SURG,EXTENSIVE O.R. PROCEDURES UNRELATED TO PRINCIPAL DIAGNOSIS WITH MCC,4.7404,4.7404,9.0
982,Yes,No, ,SURG,EXTENSIVE O.R. PROCEDURES UNRELATED TO PRINCIPAL DIAGNOSIS WITH CC,2.4860,2.486,4.3
983,Yes,No, ,SURG,EXTENSIVE O.R. PROCEDURES UNRELATED TO PRINCIPAL DIAGNOSIS WITHOUT CC/MCC,1.6352,1.6352,1.9
987,Yes,Yes, ,SURG,NON-EXTENSIVE O.R. PROCEDURES UNRELATED TO PRINCIPAL DIAGNOSIS WITH MCC,3.3767,3.3767,8.2
988,Yes,Yes, ,SURG,NON-EXTENSIVE O.R. PROCEDURES UNRELATED TO PRINCIPAL DIAGNOSIS WITH CC,1.6970,1.697,4.3
989,Yes,Yes, ,SURG,NON-EXTENSIVE O.R. PROCEDURES UNRELATED TO PRINCIPAL DIAGNOSIS WITHOUT CC/MCC,1.0803,1.0803,2.3
998,No,No, ,**,PRINCIPAL DIAGNOSIS INVALID AS DISCHARGE DIAGNOSIS,.,.,
999,No,No, ,**,UNGROUPABLE,.,.,
