KEYWORD,HEALTH_SYSTEM
INOVA,Inova Health System
SENTARA,Sentara Healthcare
BON SECOURS,Bon Secours Mercy Health
CARILION,Carilion Clinic
VCU,VCU Health System
VIRGINIA COMMONWEALTH,VCU Health System
MEDICAL COLLEGE OF VIRGINIA,VCU Health System
UVA,UVA Health
UNIVERSITY OF VIRGINIA,UVA Health
RIVERSIDE,Riverside Health System
MEDSTAR,MedStar Health
LUMINIS,Luminis Health
NOVANT,Novant Health
ATRIUM,Atrium Health
WAKE FOREST,Atrium Health
PIEDMONT,Piedmont Healthcare
WELLSTAR,WellStar Health
HCA,HCA Healthcare
HENRICO,HCA Healthcare
CJW,HCA Healthcare
LEWISGALE,HCA Healthcare
TENET,Tenet Healthcare
LIFEPOINT,LifePoint Health
ASCENSION,Ascension Health
COMMONSPIRIT,CommonSpirit Health
DIGNITY,CommonSpirit Health
MERCY,Mercy Health
PROVIDENCE,Providence Health
ADVENTIST,Adventist Health
BANNER,Banner Health
INTERMOUNTAIN,Intermountain Health
SUTTER,Sutter Health
NORTHWELL,Northwell Health
NYU,NYU Langone Health
MOUNT SINAI,Mount Sinai Health
NORTHWESTERN,Northwestern Medicine
UPMC,UPMC
MAYO,Mayo Clinic
CLEVELAND CLINIC,Cleveland Clinic
JOHNS HOPKINS,Johns Hopkins Medicine
BRIGHAM,Mass General Brigham
MASSACHUSETTS GENERAL,Mass General Brigham
DUKE,Duke Health
VANDERBILT,Vanderbilt Health
EMORY,Emory Healthcare
KAISER,Kaiser Permanente
BAYLOR,Baylor Scott and White
STANFORD,Stanford Health Care
UCLA,UCLA Health
UCSF,UCSF Health
HENRY FORD,Henry Ford Health
METHODIST,Methodist Health
MEMORIAL HERMANN,Memorial Hermann Health
TRINITY,Trinity Health
SCRIPPS,Scripps Health
CEDARS,Cedars-Sinai Health
COMMUNITY HEALTH,Community Health Systems
UNIVERSAL HEALTH,Universal Health Services
BEAUMONT,Beaumont Health
ADVOCATE,Advocate Health
BAYCARE,BayCare Health
RUSH,Rush University Medical
SHARP,Sharp HealthCare
OHIO STATE,Ohio State Wexner Medical
CHRISTUS,CHRISTUS Health
HOUSTON METHODIST,Houston Methodist
UCHEALTH,UCHealth
UNIVERSITY OF COLORADO,UCHealth
